id,unique lines,unique targeted lines,cases,targeted cases
meia,7631,5072,2260,1592
elizabeth,3685,1108,2421,1229
marinette,2881,2216,2694,2169
pit,4616,4160,4398,4191
uravity,1527,697,1251,732
misato,2458,1152,800,513
zone-tan,852,266,800,402
videl,1575,23,409,30
palutena,1314,610,1125,666
chun-li,1285,368,710,303
kyu,681,292,552,311
aimee,882,505,318,208
lyn,824,80,644,85
corrin_f,801,159,770,260
florina,1141,222,654,174
rinkah,1628,877,1099,780
corrin_m,2312,689,533,260
nagisa,1018,369,1257,771
wiifitfemale,598,118,582,371
hermione,626,169,544,169
ann,444,69,214,62
futaba,1636,962,1241,892
streaming-chan,547,36,166,37
sei,1753,646,1097,611
zizou,1369,527,484,320
kyoko,512,34,382,33
chiaki,1029,360,840,427
9s,1509,451,1137,505
misty,508,17,363,17
moon,3104,46,493,45
morrigan,814,231,591,227
felicia,505,69,229,78
revy,819,183,638,199
samus,504,144,440,139
elaine,934,341,679,346
raven,460,18,370,19
ruby,927,263,749,322
weiss,1116,323,737,338
blake,1066,351,778,299
yang,1496,587,1023,525
neo,26,5,140,44
scarlet_witch,369,51,548,80
gwen,1251,613,1026,622
marceline,1068,197,1043,596
tracer,504,90,234,83
d.va,852,283,730,309
mercy,367,18,303,19
mei,790,207,666,220
kim,746,170,532,144
shego,654,250,360,151
twilight,443,63,380,64
alpha,629,190,613,166
mia,784,372,743,407
mettaton,696,0,395,0
sayla,549,10,436,12
angie,757,61,209,41
korra,449,54,459,68
aella,851,383,536,319
nugi-chan,539,298,533,314
shantae,454,11,428,15
link,175,15,212,16
zelda,557,38,276,40
sonya,837,203,883,206
zoey,407,149,416,157
ami,591,60,551,93
buffy,945,304,497,192
xander,672,280,528,237
kurumu,495,106,453,112
pauling,487,1,431,1
alice,299,17,199,16
tifa,319,0,388,0
saki,669,285,472,308
asuna,366,76,346,83
gogo,431,46,237,44
daisy,479,2,438,2
rosalina,456,0,388,0
blackrose,432,0,437,0
spooky,401,60,312,34
elena,446,28,287,30
meg,689,101,467,73
arwen,421,14,515,15
captain_falcon,1361,0,491,0
harley,324,7,310,11
seven,333,22,213,22
rainbow_mika,651,104,306,105
mahiru,1829,930,1556,1030
jura,6547,4430,1843,1199
velma,650,49,281,53
amalia,1074,232,737,242
faye,1082,177,556,146
joey,669,313,489,300
jin,1578,844,1000,754
launch,1562,198,693,202
kira,863,200,365,142
monika,1296,532,755,468
april,678,62,414,57
beatrix,387,116,222,104
pyrrha,1059,237,746,332
black_canary,1124,503,876,466
natsuki,1870,871,1643,1117
juri,805,239,401,155
clover,504,79,244,151
jolyne,1298,361,300,187
sola,1369,190,365,85
