<?xml version="1.0" encoding="utf-8"?>
<application xmlns="http://ns.adobe.com/air/application/18.0">
  <id>kkl</id>
  <versionNumber>1.0</versionNumber>
  <filename>kkl</filename>
  <name>kkl</name>
  <description> 
	<text xml:lang="en">This is an example.</text> 
	<text xml:lang="fr">C'est un exemple.</text> 
	<text xml:lang="es">Esto es un ejemplo.</text> 
  </description> 
  <initialWindow>
    <title>kk</title>
    <content>kkl.swf</content>
    <systemChrome>standard</systemChrome>
    <transparent>false</transparent>
    <visible>true</visible>
    <minimizable>true</minimizable>
    <maximizable>true</maximizable>
    <resizable>true</resizable>
    <renderMode>auto</renderMode>
    <requestedDisplayResolution>standard</requestedDisplayResolution>
  </initialWindow>
  <supportedProfiles>extendedDesktop</supportedProfiles>
</application>