<?xml version="1.0" encoding="utf-8"?>
<tags xmlns:xsi="http://www.w3.org/2001/XMLSchema-instance" xmlns:xsd="http://www.w3.org/2001/XMLSchema">
<triggers>
  <trigger tag="-" start="-1" end="-1" label="Start" description="Legacy initial state">
    <defaultImage>happy</defaultImage>
    <defaultText>This is what the character says after they've been selected if the new triggers aren't used</defaultText>
  </trigger>
  <trigger tag="selected" optional="true" start="0" end="0" label="Selected" description="When added to the selection screen" group="0" order="0">
    <defaultImage>happy</defaultImage>
    <defaultText>This is what the character says after they've been selected</defaultText>
  </trigger>
  <trigger tag="game_start" optional="true" start="0" end="0" label="Game start" description="When the game starts" group="0" order="1">
    <defaultImage>happy</defaultImage>
    <defaultText>This is what the character says when the game starts</defaultText>
  </trigger>
  <trigger tag="stripped" start="1" end="8" label="After Stripping" description="Immediately after removing the previous stage's clothing" group="2" order="4" xmlGroup="2" xmlOrder="1" previousStage="true">
    <vars>
      <string>clothing</string>
    </vars>
    <defaultImage>sad</defaultImage>
    <defaultText>What the character says just after they take their clothes off. Note that this is the start of a new stage.</defaultText>
  </trigger>
  <trigger tag="swap_cards" start="0" end="8" label="Swapping Cards" description="When exchanging cards" group="1" order="0" xmlGroup="1" xmlOrder="2">
    <vars>
      <string>cards</string>
    </vars>
    <defaultImage>calm</defaultImage>
    <defaultText>I'll exchange ~cards~ cards.</defaultText>
  </trigger>
  <trigger tag="good_hand" start="0" end="8" label="Hand=Good" description="After exchanging, the character has a good hand" group="1" order="1" xmlGroup="1" xmlOrder="0">
    <vars />
    <defaultImage>happy</defaultImage>
    <defaultText>I've got a good hand.</defaultText>
  </trigger>
  <trigger tag="okay_hand" start="0" end="8" label="Hand=Okay" description="After exchanging, the character has an okay hand" group="1" order="2" xmlGroup="1" xmlOrder="1">
    <vars />
    <defaultImage>calm</defaultImage>
    <defaultText>I've got an okay hand.</defaultText>
  </trigger>
  <trigger tag="bad_hand" start="0" end="8" label="Hand=Bad" description="After exchanging, the character has a bad hand" group="1" order="3" xmlGroup="1" xmlOrder="3">
    <vars />
    <defaultImage>sad</defaultImage>
    <defaultText>I've got a bad hand.</defaultText>
  </trigger>
  <trigger tag="must_strip_winning" start="0" end="7" label="Must Strip (Self, Winning)" description="The character has lost the hand, but currently has the most clothes among everybody" group="2" order="0" xmlGroup="3" xmlOrder="3">
    <vars />
    <defaultImage>loss</defaultImage>
    <defaultText>They say this when they're winning - they have more clothing items left than other players.</defaultText>
  </trigger>
  <trigger tag="must_strip_normal" start="0" end="7" label="Must Strip (Self, Normal)" description="The character has lost the hand and must strip" group="2" order="1" xmlGroup="3" xmlOrder="0">
    <vars />
    <defaultImage>loss</defaultImage>
    <defaultText>What the character says when they're in the middle of the group in terms of clothes left.</defaultText>
  </trigger>
  <trigger tag="must_strip_losing" start="0" end="7" label="Must Strip (Self, Losing)" description="The character has lost the hand, and currently has the least clothes among everybody" group="2" order="2" xmlGroup="3" xmlOrder="1">
    <vars />
    <defaultImage>loss</defaultImage>
    <defaultText>The character has lost a round, and also has the fewest pieces of clothing left.</defaultText>
  </trigger>
  <trigger tag="stripping" start="0" end="7" label="Stripping" description="The character is stripping after losing a round" group="2" order="3" xmlGroup="3" xmlOrder="2">
    <vars>
      <string>clothing</string>
    </vars>
    <defaultImage>strip</defaultImage>
    <defaultText>What the character says as they take their clothes off. The picture and text should be unique to what they're taking off.</defaultText>
  </trigger>
  <trigger tag="must_masturbate_first" start="8" end="8" label="Must Masturbate (Self, first to do so)" description="The character is the first to lose the game and must start masturbating" group="9" order="0" xmlGroup="4" xmlOrder="0">
    <vars />
    <defaultImage>loss</defaultImage>
    <defaultText>This is the character response when they lost their last hand and have to masturbate, and they're the first character who's required to masturbate.</defaultText>
  </trigger>
  <trigger tag="must_masturbate" start="8" end="8" label="Must Masturbate (Self)" description="The character has lost the game must start masturbating" group="9" order="1" xmlGroup="4" xmlOrder="1">
    <vars />
    <defaultImage>loss</defaultImage>
    <defaultText>This is the character response when they lost their last hand and have to masturbate, and they're not the first character who's required to masturbate.</defaultText>
  </trigger>
  <trigger tag="start_masturbating" start="8" end="8" label="Start Masturbating (Self)" description="Used one time when the character first begins masturbating" group="9" order="2" xmlGroup="2" xmlOrder="0">
    <vars />
    <defaultImage>starting</defaultImage>
    <defaultText>What the character says as they start masturbating.</defaultText>
  </trigger>
  <trigger tag="masturbating" start="9" end="9" label="Masturbating (Self)" description="Used while masturbating" group="9" order="3" xmlGroup="5" xmlOrder="0">
    <vars />
    <defaultImage>calm</defaultImage>
    <defaultText>What the character says while they're masturbating.</defaultText>
  </trigger>
  <trigger tag="heavy_masturbating" start="9" end="9" label="Heavy Masturbating (Self)" description="Used while masturbating when the character is close to finishing" group="9" order="4" xmlGroup="5" xmlOrder="2">
    <vars />
    <defaultImage>heavy</defaultImage>
    <defaultText>What the character says while they're masturbating, and closer to "finishing".</defaultText>
  </trigger>
  <trigger tag="finishing_masturbating" start="9" end="9" label="Finishing (Self)" description="Line used once immediately upon finishing masturbation" group="9" order="5" xmlGroup="5" xmlOrder="1">
    <vars />
    <defaultImage>finishing</defaultImage>
    <defaultText>What the masturbating character says as they "finish".</defaultText>
  </trigger>
  <trigger tag="finished_masturbating" start="10" end="10" label="Finished (Self)" description="Character has finished masturbating" group="9" order="6" xmlGroup="6" xmlOrder="0">
    <vars />
    <defaultImage>finished</defaultImage>
    <defaultText>What the character says after they've finished masturbating.</defaultText>
  </trigger>
  <trigger tag="male_human_must_strip" optional="true" start="0" end="10" label="Must Strip (Player, Male)" hasTarget="true" description="The human male player has lost a round and must remove something" group="3" order="0" xmlGroup="0" xmlOrder="23">
    <vars>
      <string>name</string>
    </vars>
    <bulk>
      <string>male_must_strip</string>
      <string>female_human_must_strip</string>
      <string>female_must_strip</string>
    </bulk>
    <defaultImage>interested</defaultImage>
    <defaultText>What they say to a male player who has lost a round</defaultText>
  </trigger>
  <trigger tag="male_must_strip" start="0" end="10" label="Must Strip (Male)" hasTarget="true" gender="male" description="A male opponent has lost a round and must remove something" group="3" order="1" xmlGroup="0" xmlOrder="21">
    <vars>
      <string>name</string>
    </vars>
    <bulk>
      <string>female_must_strip</string>
    </bulk>
    <defaultImage>interested</defaultImage>
    <defaultText>What they say to a male NPC who has lost a round</defaultText>
  </trigger>
  <trigger tag="female_human_must_strip" optional="true" start="0" end="10" label="Must Strip (Player, Female)" hasTarget="true" description="The human female player has lost a round and must remove something" group="3" order="2" xmlGroup="0" xmlOrder="12">
    <vars>
      <string>name</string>
    </vars>
    <bulk>
      <string>male_human_must_strip</string>
      <string>male_must_strip</string>
      <string>female_must_strip</string>
    </bulk>
    <defaultImage>interested</defaultImage>
    <defaultText>What they say to a female player who has lost a round</defaultText>
  </trigger>
  <trigger tag="female_must_strip" start="0" end="10" label="Must Strip (Female)" hasTarget="true" gender="female" description="A female opponent has lost a round and must remove something" group="3" order="3" xmlGroup="0" xmlOrder="0">
    <vars>
      <string>name</string>
    </vars>
    <bulk>
      <string>male_must_strip</string>
    </bulk>
    <defaultImage>interested</defaultImage>
    <defaultText>What they say to a female NPC who has lost a round</defaultText>
  </trigger>
  <trigger tag="male_removing_accessory" start="0" end="10" label="Removing Accessory (Male)" hasTarget="true" gender="male" description="A male opponent is removing a small item that doesn't cover any skin" group="4" order="0" xmlGroup="0" xmlOrder="25">
    <vars>
      <string>name</string>
      <string>clothing</string>
    </vars>
    <bulk>
      <string>female_removing_accessory</string>
    </bulk>
    <defaultImage>sad</defaultImage>
    <defaultText>A male character is about to remove a small item, with the type "extra".</defaultText>
  </trigger>
  <trigger tag="male_removed_accessory" start="0" end="10" label="Removed Accessory (Male)" hasTarget="true" gender="male" description="A male opponent removed a small item that doesn't cover any skin" group="4" order="1" xmlGroup="0" xmlOrder="9">
    <vars>
      <string>name</string>
      <string>clothing</string>
    </vars>
    <bulk>
      <string>female_removed_accessory</string>
    </bulk>
    <defaultImage>calm</defaultImage>
    <defaultText>A male character has just removed that small item.</defaultText>
  </trigger>
  <trigger tag="female_removing_accessory" start="0" end="10" label="Removing Accessory (Female)" hasTarget="true" gender="female" description="A female opponent is removing a small item that doesn't cover any skin" group="4" order="2" xmlGroup="0" xmlOrder="29">
    <vars>
      <string>name</string>
      <string>clothing</string>
    </vars>
    <bulk>
      <string>male_removing_accessory</string>
    </bulk>
    <defaultImage>sad</defaultImage>
    <defaultText>A female character is about to remove a small item, with the type "extra".</defaultText>
  </trigger>
  <trigger tag="female_removed_accessory" start="0" end="10" label="Removed Accessory (Female)" hasTarget="true" gender="female" description="A female opponent removed a small item that doesn't cover any skin" group="4" order="3" xmlGroup="0" xmlOrder="16">
    <vars>
      <string>name</string>
      <string>clothing</string>
    </vars>
    <bulk>
      <string>male_removed_accessory</string>
    </bulk>
    <defaultImage>calm</defaultImage>
    <defaultText>A female character has just removed that small item.</defaultText>
  </trigger>
  <trigger tag="male_removing_minor" start="0" end="10" label="Removing Minor (Male)" hasTarget="true" gender="male" description="A male opponent is removing non-essential clothing (e.g. socks)" group="5" order="0" xmlGroup="0" xmlOrder="32">
    <vars>
      <string>name</string>
      <string>clothing</string>
    </vars>
    <bulk>
      <string>female_removing_minor</string>
    </bulk>
    <defaultImage>calm</defaultImage>
    <defaultText>A male character is about to remove a clothing item with the type "minor".</defaultText>
  </trigger>
  <trigger tag="male_removed_minor" start="0" end="10" label="Removed Minor (Male)" hasTarget="true" gender="male" description="A male opponent has removed non-essential clothing (e.g. socks)" group="5" order="1" xmlGroup="0" xmlOrder="8">
    <vars>
      <string>name</string>
      <string>clothing</string>
    </vars>
    <bulk>
      <string>female_removed_minor</string>
    </bulk>
    <defaultImage>happy</defaultImage>
    <defaultText>The male character has just removed that minor item.</defaultText>
  </trigger>
  <trigger tag="female_removing_minor" start="0" end="10" label="Removing Minor (Female)" hasTarget="true" gender="female" description="A female opponent is removing non-essential clothing (e.g. socks)" group="5" order="2" xmlGroup="0" xmlOrder="2">
    <vars>
      <string>name</string>
      <string>clothing</string>
    </vars>
    <bulk>
      <string>male_removing_minor</string>
    </bulk>
    <defaultImage>calm</defaultImage>
    <defaultText>A female character is about to remove a clothing item with the type "minor".</defaultText>
  </trigger>
  <trigger tag="female_removed_minor" start="0" end="10" label="Removed Minor (Female)" hasTarget="true" gender="female" description="A female opponent has removed non-essential clothing (e.g. socks)" group="5" order="3" xmlGroup="0" xmlOrder="36">
    <vars>
      <string>name</string>
      <string>clothing</string>
    </vars>
    <bulk>
      <string>male_removed_minor</string>
    </bulk>
    <defaultImage>happy</defaultImage>
    <defaultText>The female character has just removed that minor item.</defaultText>
  </trigger>
  <trigger tag="male_removing_major" start="0" end="10" label="Removing Major (Male)" hasTarget="true" gender="male" description="A male opponent is likely revealing their underwear (e.g. removing a shirt)" group="6" order="0" xmlGroup="0" xmlOrder="15">
    <vars>
      <string>name</string>
      <string>clothing</string>
    </vars>
    <bulk>
      <string>female_removing_major</string>
    </bulk>
    <defaultImage>interested</defaultImage>
    <defaultText>What the character says before a male loses an item with the "major" type.</defaultText>
  </trigger>
  <trigger tag="male_removed_major" start="0" end="10" label="Removed Major (Male)" hasTarget="true" gender="male" description="A male opponent has likely revealed their underwear (e.g. removing a shirt)" group="6" order="1" xmlGroup="0" xmlOrder="17">
    <vars>
      <string>name</string>
      <string>clothing</string>
    </vars>
    <bulk>
      <string>female_removed_major</string>
    </bulk>
    <defaultImage>interested</defaultImage>
    <defaultText>What the character says after the major item has been taken off.</defaultText>
  </trigger>
  <trigger tag="female_removing_major" start="0" end="10" label="Removing Major (Female)" hasTarget="true" gender="female" description="A female opponent is likely revealing their underwear (e.g. removing a shirt)" group="6" order="2" xmlGroup="0" xmlOrder="31">
    <vars>
      <string>name</string>
      <string>clothing</string>
    </vars>
    <bulk>
      <string>male_removing_major</string>
    </bulk>
    <defaultImage>interested</defaultImage>
    <defaultText>What the character says before a female loses an item with the "major" type.</defaultText>
  </trigger>
  <trigger tag="female_removed_major" start="0" end="10" label="Removed Major (Female)" hasTarget="true" gender="female" description="A female opponent has likely revealed their underwear (e.g. removing a shirt)" group="6" order="3" xmlGroup="0" xmlOrder="4">
    <vars>
      <string>name</string>
      <string>clothing</string>
    </vars>
    <bulk>
      <string>male_removed_major</string>
    </bulk>
    <defaultImage>interested</defaultImage>
    <defaultText>What the character says after the major item has been taken off.</defaultText>
  </trigger>
  <trigger tag="male_chest_will_be_visible" start="0" end="10" label="Will Be Visible (Chest, Male)" hasTarget="true" gender="male" description="A male opponent is about to reveal his chest" group="7" order="0" xmlGroup="0" xmlOrder="1">
    <vars>
      <string>name</string>
      <string>clothing</string>
    </vars>
    <defaultImage>interested</defaultImage>
    <defaultText>What the character says when a male character is about to remove the last piece of clothing covering their chest. For NPCs, this is a clothing element on the "upper" location, with the "important" type.</defaultText>
  </trigger>
  <trigger tag="male_chest_is_visible" start="0" end="10" label="Visible (Chest, Male)" hasTarget="true" gender="male" description="A male opponent has revealed his chest" group="7" order="1" xmlGroup="0" xmlOrder="19">
    <vars>
      <string>name</string>
      <string>clothing</string>
    </vars>
    <defaultImage>interested</defaultImage>
    <defaultText>What the character says once the male character's chest is visible.</defaultText>
  </trigger>
  <trigger tag="male_crotch_will_be_visible" start="0" end="10" label="Will Be Visible (Crotch, Male)" hasTarget="true" gender="male" description="A male opponent is about to reveal his penis" group="7" order="2" xmlGroup="0" xmlOrder="37">
    <vars>
      <string>name</string>
      <string>clothing</string>
    </vars>
    <defaultImage>horny</defaultImage>
    <defaultText>What the character says when a male character is about to remove the last piece of clothing covering their crotch. For NPCs, this is a clothing element on the "lower" location, with the "important" type.</defaultText>
  </trigger>
  <trigger tag="male_small_crotch_is_visible" start="0" end="10" label="Visible (Crotch, Male, Small)" hasTarget="true" gender="male" size="small" description="A male opponent has revealed a small penis" group="7" order="3" xmlGroup="0" xmlOrder="24">
    <vars>
      <string>name</string>
      <string>clothing</string>
    </vars>
    <defaultImage>calm</defaultImage>
    <defaultText>What the character says after the male character's crotch is visible, and has a size value of "small".</defaultText>
  </trigger>
  <trigger tag="male_medium_crotch_is_visible" start="0" end="10" label="Visible (Crotch, Male, Medium)" hasTarget="true" gender="male" size="medium" description="A male opponent has revealed a medium penis" group="7" order="4" xmlGroup="0" xmlOrder="3">
    <vars>
      <string>name</string>
      <string>clothing</string>
    </vars>
    <defaultImage>awkward</defaultImage>
    <defaultText>What the character says after the male character's crotch is visible, and has a size value of "medium".</defaultText>
  </trigger>
  <trigger tag="male_large_crotch_is_visible" start="0" end="10" label="Visible (Crotch, Male, Large)" hasTarget="true" gender="male" size="large" description="A male has opponent revealed a large penis" group="7" order="5" xmlGroup="0" xmlOrder="5">
    <vars>
      <string>name</string>
      <string>clothing</string>
    </vars>
    <defaultImage>shocked</defaultImage>
    <defaultText>What the character says after the male character's crotch is visible, and has a size value of "large".</defaultText>
  </trigger>
  <trigger tag="female_chest_will_be_visible" start="0" end="10" label="Will Be Visible (Chest, Female)" hasTarget="true" gender="female" description="A female opponent is about to reveal her breasts" group="7" order="6" spacer="true" xmlGroup="0" xmlOrder="34">
    <vars>
      <string>name</string>
      <string>clothing</string>
    </vars>
    <defaultImage>interested</defaultImage>
    <defaultText>What the character says when a female character is about to remove the last piece of clothing covering their chest. For NPCs, this is a clothing element on the "upper" location, with the "important" type.</defaultText>
  </trigger>
  <trigger tag="female_small_chest_is_visible" start="0" end="10" label="Visible (Chest, Female, Small)" hasTarget="true" gender="female" size="small" description="A female opponent has revealed small breasts" group="7" order="7" xmlGroup="0" xmlOrder="27">
    <vars>
      <string>name</string>
      <string>clothing</string>
    </vars>
    <defaultImage>interested</defaultImage>
    <defaultText>What the character says after the female character's chest is visible, and has a size value of "small".</defaultText>
  </trigger>
  <trigger tag="female_medium_chest_is_visible" start="0" end="10" label="Visible (Chest, Female, Medium)" hasTarget="true" gender="female" size="medium" description="A female opponent has revealed medium breasts" group="7" order="8" xmlGroup="0" xmlOrder="28">
    <vars>
      <string>name</string>
      <string>clothing</string>
    </vars>
    <defaultImage>horny</defaultImage>
    <defaultText>What the character says after the female character's chest is visible, and has a size value of "medium".</defaultText>
  </trigger>
  <trigger tag="female_large_chest_is_visible" start="0" end="10" label="Visible (Chest, Female, Large)" hasTarget="true" gender="female" size="large" description="A female opponent has revealed large breasts" group="7" order="9" xmlGroup="0" xmlOrder="20">
    <vars>
      <string>name</string>
      <string>clothing</string>
    </vars>
    <defaultImage>shocked</defaultImage>
    <defaultText>What the character says after the female character's chest is visible, and has a size value of "large".</defaultText>
  </trigger>
  <trigger tag="female_crotch_will_be_visible" start="0" end="10" label="Will Be Visible (Crotch, Female)" hasTarget="true" gender="female" description="A female opponent is about to reveal her vagina" group="7" order="10" xmlGroup="0" xmlOrder="6">
    <vars>
      <string>name</string>
      <string>clothing</string>
    </vars>
    <defaultImage>horny</defaultImage>
    <defaultText>What the character says when a female character is about to remove the last piece of clothing covering their crotch. For NPCs, this is a clothing element on the "lower" location, with the "important" type.</defaultText>
  </trigger>
  <trigger tag="female_crotch_is_visible" start="0" end="10" label="Visible (Crotch, Female)" hasTarget="true" gender="female" description="A female opponent has revealed her vagina" group="7" order="11" xmlGroup="0" xmlOrder="13">
    <vars>
      <string>name</string>
      <string>clothing</string>
    </vars>
    <defaultImage>shocked</defaultImage>
    <defaultText>What the character says after the female character's crotch has become visible.</defaultText>
  </trigger>
  <trigger tag="male_must_masturbate" start="0" end="10" label="Must Masturbate (Male)" hasTarget="true" gender="male" description="A male opponent must start masturbating" group="8" order="0" xmlGroup="0" xmlOrder="10">
    <vars>
      <string>name</string>
    </vars>
    <defaultImage>interested</defaultImage>
    <defaultText>What the character says when a male character has lost a hand while nude, and must masturbate.</defaultText>
  </trigger>
  <trigger tag="male_start_masturbating" start="0" end="10" label="Start Masturbating (Male)" hasTarget="true" gender="male" description="A male opponent has started masturbating" group="8" order="1" xmlGroup="0" xmlOrder="18">
    <vars>
      <string>name</string>
    </vars>
    <defaultImage>horny</defaultImage>
    <defaultText>What the character says when a male character has started masturbating.</defaultText>
  </trigger>
  <trigger tag="male_masturbating" start="0" end="10" label="Masturbating (Male)" hasTarget="true" gender="male" description="A male opponent is masturbating" group="8" order="2" xmlGroup="0" xmlOrder="35">
    <vars>
      <string>name</string>
    </vars>
    <defaultImage>horny</defaultImage>
    <defaultText>What the character says while a male character is masturbating.</defaultText>
  </trigger>
  <trigger tag="male_finished_masturbating" start="0" end="10" label="Finished (Male)" hasTarget="true" gender="male" description="A male opponent has just finished masturbating" group="8" order="3" xmlGroup="0" xmlOrder="26">
    <vars>
      <string>name</string>
    </vars>
    <defaultImage>shocked</defaultImage>
    <defaultText>What the character says when a male character "finishes" masturbating.</defaultText>
  </trigger>
  <trigger tag="female_must_masturbate" start="0" end="10" label="Must Masturbate (Female)" hasTarget="true" gender="female" description="A female opponent must start masturbating" group="8" order="4" spacer="true" xmlGroup="0" xmlOrder="22">
    <vars>
      <string>name</string>
    </vars>
    <defaultImage>interested</defaultImage>
    <defaultText>What the character says when a female character has lost a hand while nude, and must masturbate.</defaultText>
  </trigger>
  <trigger tag="female_start_masturbating" start="0" end="10" label="Start Masturbating (Female)" hasTarget="true" gender="female" description="A female opponent has started masturbating" group="8" order="5" xmlGroup="0" xmlOrder="14">
    <vars>
      <string>name</string>
    </vars>
    <defaultImage>horny</defaultImage>
    <defaultText>What the character says when a female character has started masturbating.</defaultText>
  </trigger>
  <trigger tag="female_masturbating" start="0" end="10" label="Masturbating (Female)" hasTarget="true" gender="female" description="A female opponent is masturbating" group="8" order="6" xmlGroup="0" xmlOrder="11">
    <vars>
      <string>name</string>

    </vars>
    <defaultImage>horny</defaultImage>
    <defaultText>What the character says while a female character is masturbating.</defaultText>
  </trigger>
  <trigger tag="female_finished_masturbating" start="0" end="10" label="Finished (Female)" hasTarget="true" gender="female" description="A female opponent must just finished masturbating" group="8" order="7" xmlGroup="0" xmlOrder="33">
    <vars>
      <string>name</string>
    </vars>
    <defaultImage>shocked</defaultImage>
    <defaultText>What the character says when a female character "finishes" masturbating.</defaultText>
  </trigger>
  <trigger tag="game_over_victory" start="0" end="8" label="Game Over (Victory)" description="The game is over and this character won" group="10" order="0" xmlGroup="0" xmlOrder="30">
    <vars />
    <defaultImage>happy</defaultImage>
    <defaultText>What the character says when they win the game. Can happen in any stage unless you have specific line for that stage.</defaultText>
  </trigger>
  <trigger tag="game_over_defeat" start="10" end="10" label="Game Over (Defeat)" hasTarget="true" description="The game is over and this character lost" group="10" order="0" noPrefix="true" xmlGroup="6" xmlOrder="1">
    <vars>
      <string>name</string>
    </vars>
    <defaultImage>calm</defaultImage>
    <defaultText>What the character says when someone else has won the game. This can only occur when a player is in the "finished" stage.</defaultText>
  </trigger>
</triggers>
<groups>
  <textGroup id="0" name="Intro">
	<description><![CDATA[
#INTRODUCTION
#These lines are used to say different things depending on which other characters are present when the character
#is selected and when the game starts.
	]]></description>
  </textGroup>
  <textGroup id="1" name="Poker">
    <description><![CDATA[
#POKER PLAY
#This is what a character says while they're exchanging cards and commenting on their hands afterwards.
#When swapping cards, the game will automatically put a display a number between 0-5 where you write ~cards~.
#These lines display on the screen for only a brief time, so it is important to make them short enough to read at a glance.
]]></description>
  </textGroup>
  <textGroup id="2" future="true" name="Self stripping">
    <description><![CDATA[
#SELF STRIPPING
#This is the character says once they've lost a hand, but before they strip.
]]></description>
  </textGroup>
  <textGroup id="3" name="Opponent must strip">
    <description><![CDATA[
#OPPONENT MUST STRIP
#These lines are spoken when an opponent must strip, but the character does not yet know what they will take off.
#Writing different variations is important here, as these lines will be spoken about thirty times per game.
#The "human" versions of the lines will only be spoken if the human player is stripping.
]]></description>
  </textGroup>
  <textGroup id="4" name="Opponent removing accessory">
    <description><![CDATA[
#OPPONENT REMOVING ACCESSORY
#These lines are spoken when an opponent removes a small item that does not cover any skin.
#Typically, characters are fine with this when they are fully dressed but less satisfied as they become more naked.
#Note that all "removing" lines are NOT spoken to human players. Characters will skip straight from "6-male_human_must_strip" to "6-male_removed_accessory", for example.
]]></description>
  </textGroup>
  <textGroup id="5" name="Opponent removing minor">
    <description><![CDATA[
#OPPONENT REMOVING MINOR CLOTHING
#Minor pieces of clothing don't reveal much when removed, but probably indicate more progress than accessory removal.
]]></description>
  </textGroup>
  <textGroup id="6" name="Opponent removing major">
    <description><![CDATA[
#OPPONENT REMOVING MAJOR CLOTHING
#Major clothing reveals a significant amount of skin and likely underwear.
#However, as we don't know if the opponent is taking off the top or the bottom, we can't presume that nice abs are showing; maybe she took of her skirt before her shirt.
]]></description>
  </textGroup>
  <textGroup id="7" name="Opponent exposed">
    <description><![CDATA[
#OPPONENT REVEALING CHEST OR CROTCH
#Characters have different sizes, allowing your character to have different responses for each. Males have a small, medium, or large crotch. Females have small, medium, or large breasts.
]]></description>
  </textGroup>
  <textGroup id="8" name="Opponent masturbating">
    <description><![CDATA[
#OPPONENT MASTURBATING
#When an opponent is naked and loses a hand, they have lost the game and must pay the penalty by masturbating in front of everyone.
#The "must_masturbate" line is for just before it happens, and the "start_masturbating" line immediately follows.
#The "masturbating" line will be spoken a little after the opponent has started but before they climax.
#When the opponent climaxes, your character will say the "finished_masturbating" line.
]]></description>
  </textGroup>
  <textGroup id="9" name="Self masturbating">
    <description><![CDATA[
#SELF MASTURBATING
#If your character is naked and loses a hand, they have lost the game and must masturbate.
#These lines only come up in the relevant stages, so you don't need to include the stage numbers here. Just remember which stage is which when you make the images. The "starting" image is still in the naked stage.
#The "finished_masturbating" line will repeat many times if the game is not yet finished. This plays as opponents comment on the how good their hands are.
]]></description>
  </textGroup>
  <textGroup id="10" name="Game over">
    <description><![CDATA[
#GAME OVER
#Lines spoken after the overall winner has been decided and all the losers have finished their forfeits.
]]></description>
  </textGroup>
</groups>
</tags>
