﻿<?xml version="1.0" encoding="utf-8"?>
<tagdictionary>
  <group label="Hair Color">
    <tag display="Black" description="Black/dark gray hair">black_hair</tag>
    <tag display="Blonde" description="Yellow/blonde hair">blonde</tag>
    <tag display="Brown">brunette</tag>
    <tag display="Red/Orange">ginger</tag>
    <tag display="White/Gray">white_hair</tag>
    <tag display="Blue" paired="exotic_hair">blue_hair</tag>
    <tag display="Pink" paired="exotic_hair">pink_hair</tag>
    <tag display="Green" paired="exotic_hair">green_hair</tag>
    <tag display="Purple" paired="exotic_hair">purple_hair</tag>
    <tag display="Exotic">exotic_hair</tag>
  </group>
  <group label="Hair Length">
    <tag display="Bald">bald</tag>
    <tag display="Short">short_hair</tag>
    <tag display="Medium">medium_hair</tag>
    <tag display="Long">long_hair</tag>
    <tag display="Very Long" paired="long_hair">very_long_hair</tag>
  </group>
  <group label="Hair Style" multiselect="true">
    <tag display="Antenna/Ahoge">ahoge</tag>
    <tag display="Drills">drill_hair</tag>
    <tag display="Messy">messy_hair</tag>
    <tag display="Ponytail">ponytail</tag>
    <tag display="Twintails">twintails</tag>
  </group>
  <group label="Eye Color">
    <tag display="Dark/Black/Brown">dark_eyes</tag>
    <tag display="Blue">blue_eyes</tag>
    <tag display="Pale/White/Gray">pale_eyes</tag>
    <tag display="Green">green_eyes</tag>
    <tag display="Pink/Purple">violet_eyes</tag>
    <tag display="Red">red_eyes</tag>
    <tag display="Amber/Orange/Yellow">amber_eyes</tag>
	<tag display="Differently-colored">heterochromia</tag>
  </group>
  <group label="Skin Tone">
    <tag display="Brown">dark-skinned</tag>
    <tag display="Fair">fair-skinned</tag>
    <tag display="Olive">olive-skinned</tag>	
    <tag display="Pale">pale-skinned</tag>
    <tag display="Unusual">unusual_skin</tag>
  </group>
  <group label="Physical Build" multiselect="true">
    <tag display="Athletic">athletic</tag>
    <tag display="Muscular" paired="athletic">muscular</tag>
    <tag display="Fat/Chubby">chubby</tag>
    <tag display="Short">short</tag>
    <tag display="Tall">tall</tag>
    <tag display="Androgynous">androgynous</tag>
	  <tag display="Big Butt">big_butt</tag>
  </group>
  <group label="Pubic Hair">
    <tag display="Shaved">shaved</tag>
    <tag display="Trimmed" paired="pubic_hair">trimmed</tag>
    <tag display="Hairy" paired="pubic_hair">hairy</tag>
    <tag display="Any pubic hair">pubic_hair</tag>
  </group>
  <group label="Breast Size" gender="female">
    <tag display="Small">small_breasts</tag>
    <tag display="Medium">medium_breasts</tag>
    <tag display="Large">large_breasts</tag>
    <tag display="Huge" paired="large_breasts">huge_breasts</tag>
  </group>
  <group label="Penis Size" gender="male">
    <tag display="Small">small_penis</tag>
    <tag display="Medium">medium_penis</tag>
    <tag display="Large">large_penis</tag>
    <tag display="Huge" paired="large_penis">huge_penis</tag>
  </group>
  <group label="Penis Appearance" gender="male">
    <tag display="Circumcised">circumcised</tag>
    <tag display="Uncircumcised">uncircumcised</tag>
  </group>
  <group label="Non-Human Species" multiselect="true">
    <tag display="Alien">alien</tag>
    <tag display="Cat Person">catfolk</tag>
    <tag display="Fairy" paired="spirit">fairy</tag>
    <tag display="Monster">monster</tag>
    <tag display="Undead" paired="monster">undead</tag>
    <tag display="Non-Human">non-human</tag>
    <tag display="Robot">robot</tag>
    <tag display="Supernatural">supernatural</tag>
    <tag display="Deity" paired="supernatural">deity</tag>
    <tag display="Spirit" paired="supernatural">spirit</tag>
    <tag display="Succubus">succubus</tag>
	<tag display="Vampire">vampire</tag>
  </group>
  <group label="Features" multiselect="true">
    <tag display="Animal Ears">animal_ears</tag>
    <tag display="Tail">tail</tag>
    <tag display="Winged">winged</tag>
    <tag display="Horned">horned</tag>
    <tag display="Pointy Ears">pointy_ears</tag>
  </group>
  <group label="Body Quirks" multiselect="true">
    <tag display="Pierced Nipples">pierced_nipples</tag>
    <tag display="Scarred">scarred</tag>
    <tag display="Tattoo">tattoo</tag>
    <tag display="Freckles">freckles</tag>
	<tag display="Tanlines">tan_lines</tag>
  </group>
  <group label="Weapon">
    <tag display="Weapon">weapon</tag>
    <tag display="Blade" paired="weapon">blade</tag>
    <tag display="Gun" paired="weapon">gun</tag>
    <tag display="Wand" paired="weapon">wand</tag>
  </group>
  <group label="Clothing" multiselect="true">
    <tag display="Armor">armor</tag>
    <tag display="Bodysuit">bodysuit</tag>
	<tag display="Cape">cape</tag>
    <tag display="Choker">choker</tag>
    <tag display="Formal Attire">formal_attire</tag>
    <tag display="Glasses">glasses</tag>
    <tag display="Hat">hat</tag>
    <tag display="Leotard">leotard</tag>
    <tag display="Masked">masked</tag>
	<tag display="No Bra" gender="female">no_bra</tag>
	<tag display="No Lower Underwear">no_underwear</tag>
	<tag display="Pantyhose">pantyhose</tag>
    <tag display="Skimpy Clothing">scantily-clad</tag>
    <tag display="School Uniform">school_uniform</tag>
	<tag display="Sunglasses">sunglasses</tag>
	<tag display="Thigh-High Socks">thigh_highs</tag>
    <tag display="Thong">thong</tag>
  </group>
  <group label="Personality" multiselect="true">
    <tag display="Aggressive">aggressive</tag>
    <tag display="Cheerful">cheerful</tag>
    <tag display="Confident">confident</tag>
    <tag display="Ditzy">ditzy</tag>
    <tag display="Exhibitionist">exhibitionist</tag>
    <tag display="Fancy">fancy</tag>
    <tag display="Fashionable">fashionable</tag>
    <tag display="Gloomy">gloomy</tag>
    <tag display="Indifferent">indifferent</tag>
    <tag display="Innocent">innocent</tag>
    <tag display="Insane">insane</tag>
    <tag display="Kind">kind</tag>
    <tag display="Lonely">lonely</tag>
    <tag display="Mean">mean</tag>
    <tag display="Moe/Adorable">moe</tag>
    <tag display="Nerdy">nerdy</tag>
    <tag display="Perverted">perverted</tag>
    <tag display="Quiet">quiet</tag>
    <tag display="Sarcastic">sarcastic</tag>
    <tag display="Seductive">seductive</tag>
    <tag display="Serious">serious</tag>
    <tag display="Shut-In">shut_in</tag>
    <tag display="Shy">shy</tag>
    <tag display="Silent">silent</tag>
    <tag display="Slutty">slutty</tag>
    <tag display="Smart">smart</tag>
    <tag display="Tomboy">tomboy</tag>
    <tag display="Tsundere">tsundere</tag>
    <tag display="Witty">witty</tag>
    <tag display="Yandere">yandere</tag>
    <tag display="Boob Envy" gender="female">boob_envy</tag>
    <tag display="Penis Envy" gender="male">penis_envy</tag>
    <tag display="Embarrassed Nude (F)" gender="female">enf</tag>
    <tag display="Embarrassed Nude (M)" gender="male">enm</tag>
    <tag display="Sexually Dominant">dominant</tag>
    <tag display="Sexually Submissive">submissive</tag>
  </group>
  <group label="Sexual Orientation">
    <tag display="Straight">straight</tag>
    <tag display="Gay" gender="male">gay</tag>
    <tag display="Lesbian" gender="female">lesbian</tag>
    <tag display="Bisexual">bisexual</tag>
    <tag display="Bi-curious">bi-curious</tag>
  </group>
  <group label="Relationship">
    <tag display="Single">single</tag>
    <tag display="Taken/Open">taken</tag>
  </group>
  <group label="Nationality/Ethnicity" multiselect="true">
    <tag display="African">african</tag>
    <tag display="American">american</tag>
    <tag display="Arabian">arabian</tag>
    <tag display="Australian">australian</tag>
    <tag display="Chinese">chinese</tag>
    <tag display="English">english</tag>
	<tag display="Finnish">finnish</tag>
    <tag display="French">french</tag>
	<tag display="German">german</tag>
    <tag display="Hispanic">hispanic</tag>
    <tag display="Italian">italian</tag>
    <tag display="Japanese">japanese</tag>
    <tag display="Korean">korean</tag>
    <tag display="Scottish">scottish</tag>
    <tag display="Swiss">swiss</tag>
    <tag display="Mixed Heritage">mixed_heritage</tag>
  </group>
  <group label="Universe/Organization" multiselect="true">
    <tag display="Mystery Inc.">mystery_inc</tag>
    <tag display="Phantom Thieves">phantom_thieves</tag>
    <tag display="UA Academy">ua_academy</tag>
    <tag display="Overwatch">overwatch</tag>
	<tag display="Team CFVY">cfvy</tag>
	<tag display="Team JNPR">jnpr</tag>
    <tag display="Team RWBY">rwby</tag>
    <tag display="Teen Titans">teen_titans</tag>
    <tag display="Avengers">avengers</tag>
	<tag display="X-Men">x-men</tag>
    <tag display="Danganronpa 1">dr1</tag>
    <tag display="Danganronpa 2">dr2</tag>
    <tag display="Danganronpa V3">drv3</tag>
	<tag display="Honnouji Academy">honnouji_academy</tag>
	<tag display="Starfleet">starfleet</tag>
    <tag display="Kanto (Pokémon)">kanto</tag>
    <tag display="Johto (Pokémon)">johto</tag>
    <tag display="Hoenn (Pokémon)">hoenn</tag>
    <tag display="Sinnoh (Pokémon)">sinnoh</tag>
    <tag display="Unova (Pokémon)">unova</tag>
    <tag display="Kalos (Pokémon)">kalos</tag>
    <tag display="Alola (Pokémon)">alola</tag>
  </group>
  <group label="Genre" multiselect="true">
    <tag display="Fantasy">fantasy</tag>
    <tag display="Future">future</tag>
    <tag display="Post-Apocalyptic">post-apocalyptic</tag>
    <tag display="Science Fiction">sci-fi</tag>
    <tag display="Space">space</tag>
  </group>
  <group label="Source Medium" multiselect="true">
    <tag display="Anime">anime</tag>
    <tag display="Book">book</tag>
    <tag display="Cartoon">cartoon</tag>
    <tag display="Comic">comic</tag>
    <tag display="Hentai">hentai</tag>
    <tag display="Internet Meme">internet_meme</tag>
    <tag display="Manga">manga</tag>
    <tag display="Movie">movie</tag>
    <tag display="TV">tv_show</tag>
    <tag display="Video Game">video_game</tag>
    <tag display="Visual Novel">visual_novel</tag>
    <tag display="Website">website</tag>
  </group>
  <group label="Source Material" multiselect="true">
    <tag display=".hack" paired="video_game">dot_hack</tag>
    <tag display="Ace Attorney" paired="capcom,video_game,visual_novel">ace_attorney</tag>
    <tag display="Adventure Time" paired="cartoon">adventure_time</tag>
    <tag display="Alice: Madness Returns" paired="video_game">alice_madness_returns</tag>
	<tag display="ARMS" paired="nintendo,video_game">arms_franchise</tag>
	<tag display="Attack on Titan" paired="anime,manga,fantasy">attack_on_titan</tag>
    <tag display="Batman" paired="dc_comics,comic">batman</tag>
	<tag display="Battleborn" paired="video_game">battleborn</tag>
    <tag display="Big Hero 6" paired="cartoon,disney,movie,marvel">big_hero_6</tag>
    <tag display="Bioshock" paired="video_game">bioshock</tag>
    <tag display="Black Lagoon" paired="anime,manga">black_lagoon</tag>
	<tag display="Borderlands" paired="video_game,future,sci-fi">borderlands</tag>
    <tag display="Bravely Default" paired="video_game">bravely_default</tag>
    <tag display="Bravely Second" paired="bravely_default,video_game">bravely_second</tag>
    <tag display="Buffy the Vampire Slayer" paired="tv_show">buffy_the_vampire_slayer</tag>
    <tag display="Capcom" paired="video_game">capcom</tag>
    <tag display="Clannad" paired="visual_novel,anime">clannad</tag>
    <tag display="Community" paired="tv_show">community</tag>
	<tag display="Cowboy Bebop" paired="anime,future,sci-fi">cowboy_bebop"</tag>
    <tag display="Crush Crush" paired="video_game">crush_crush</tag>
	<tag display="Danganronpa" paired="video_game,visual_novel">danganronpa</tag>
    <tag display="Daria" paired="cartoon">daria_franchise</tag>
    <tag display="Darkstalkers" paired="video_game">darkstalkers</tag>
    <tag display="DC Comics" paired="comic">dc_comics</tag>
    <tag display="Dead by Daylight" paired="video_game,horror">dead_by_daylight</tag>
	<tag display="Dead or Alive" paired="video_game">dead_or_alive</tag>
    <tag display="Disney">disney</tag>
	<tag display="Doki Doki Literature Club" paired="visual_novel">ddlc</tag>
    <tag display="Dragon Ball" paired="anime,manga">dragon_ball</tag>
    <tag display="Elena of Avalor" paired="cartoon,disney">elena_of_avalor</tag>
    <tag display="Embla Academy" paired="visual_novel">embla_academy</tag>
    <tag display="Emergence" paired="hentai,manga">emergence</tag>
	<tag display="Etrian Odyssey" paired="video_game">etrian_odyssey</tag>
    <tag display="Evangelion" paired="anime,future,sci-fi">evangelion</tag>
    <tag display="F-Zero" paired="nintendo,video_game,future,sci-fi">f_zero</tag>
	<tag display="Fallout" paired="video_game,future,post-apocalyptic,sci-fi">fallout</tag>
    <tag display="Final Fantasy" paired="video_game">final_fantasy</tag>
    <tag display="Final Fantasy VII" paired="video_game">final_fantasy_7</tag>
    <tag display="Final Fantasy VIII" paired="video_game">final_fantasy_8</tag>
    <tag display="Fire Emblem" paired="nintendo,video_game,fantasy">fire_emblem</tag>
	<tag display="Fire Emblem: Awakening" paired="nintendo,fire_emblem,video_game,fantasy">fe_awakening</tag>
	<tag display="Fire Emblem: Blazing Blade" paired="nintendo,fire_emblem,video_game,fantasy">fe_blazing_blade</tag>
	<tag display="Fire Emblem: Fates" paired="nintendo,fire_emblem,video_game,fantasy">fe_fates</tag>
	<tag display="Fire Emblem: Shadow Dragon" paired="nintendo,fire_emblem,video_game,fantasy">fe_shadow_dragon</tag>
	<tag display="Five Nights at Freddy's" paired="video_game,horror">fnaf</tag>
	<tag display="Futurama" paired="cartoon,sci-fi,future">futurama</tag>
	<tag display="Girls' Frontline" paired="video_game,sci-fi,post-apocalyptic">girls_frontline</tag>
    <tag display="Gundam" paired="anime,sci-fi,future">gundam</tag>
    <tag display="Harry Potter" paired="book,fantasy">harry_potter_franchise</tag>
    <tag display="Homestuck" paired="comic">homestuck</tag>
	<tag display="Hotel Transylvania" paired="cartoon,movie">hotel_transylvania</tag>
    <tag display="HuniePop" paired="video_game">huniepop</tag>
	<tag display="Jojo's Bizarre Adventure" paired="anime,manga">jjba</tag>
	<tag display="Kantai Collection" paired="video_game,anime">kantai_collection</tag>
	<tag display="Katawa Shoujo" paired="visual_novel">katawa_shoujo</tag>
	<tag display="Khonjin house" paired="cartoon">khonjin_house</tag>
    <tag display="Kid Icarus" paired="nintendo,video_game">kid_icarus</tag>
	<tag display="Kill la Kill" paired="anime,sci-fi,studio_trigger">kill_la_kill</tag>
    <tag display="Kim Possible" paired="cartoon">kim_possible_franchise</tag>
	<tag display="League of Legends" paired="video_game">league_of_legends</tag>
    <tag display="Left 4 Dead" paired="valve,video_game,horror,post-apocalyptic">left_4_dead</tag>
    <tag display="Legend of Dark Witch" paired="video_game">legend_of_dark_witch</tag>
	<tag display="Legend of Korra" paired="cartoon">legend_of_korra</tag>
    <tag display="Legend of Zelda" paired="nintendo,video_game,fantasy">legend_of_zelda</tag>
	<tag display="Little Witch Academia" paired="anime,fantasy,studio_trigger">little_witch_academia</tag>
    <tag display="Lord of the Rings" paired="book,movie,fantasy">lotr</tag>
	<tag display="Mahou Shoujo Madoka Magica" paired="anime">madoka_magica"</tag>
    <tag display="Marvel Comics" paired="comic">marvel</tag>
    <tag display="Marvel Cinematic Universe" paired="marvel">mcu</tag>
    <tag display="Metroid" paired="nintendo,video_game,space,sci-fi,future">metroid</tag>
    <tag display="Miraculous" paired="cartoon">miraculous</tag>
    <tag display="Monkey Island" paired="video_game">monkey_island</tag>
	<tag display="Monster Girl Quest" paired="video_game,hentai">monster_girl_quest</tag>
    <tag display="Mortal Kombat" paired="video_game">mortal_kombat</tag>
    <tag display="My Hero Academia" paired="anime,manga,future,sci-fi">my_hero_academia</tag>
    <tag display="My Little Pony" paired="cartoon">my_little_pony</tag>
	<tag display="My Little Pony: Equestria Girls" paired="cartoon">equestria_girls</tag>
    <tag display="Naruto" paired="anime,manga">naruto_franchise</tag>
    <tag display="NieR: Automata" paired="video_game,future,sci-fi,post-apocalyptic">nier_automata</tag>
    <tag display="Nintendo" paired="video_game">nintendo</tag>
	<tag display="Nonary Games" paired="video_game">nonary_games</tag>
	<tag display="Original Character">original_character</tag>
    <tag display="Overwatch" paired="video_game,future,sci-fi">overwatch_franchise</tag>
	<tag display="Paladins" paired="video_game">paladins</tag>
	<tag display="Persona" paired="video_game">persona</tag>
    <tag display="Persona 5" paired="persona,video_game,anime,sci-fi">persona_5</tag>
    <tag display="Pokemon" paired="nintendo">pokemon</tag>
    <tag display="Portal" paired="valve,video_game">portal</tag>
	<tag display="Power Rangers" paired="tv_show">power_rangers</tag>
	<tag display="Resident Evil" paired="video_game,horror">resident_evil</tag>
    <tag display="Rosario to Vampire" paired="anime,manga">rosario_to_vampire</tag>
    <tag display="RWBY Franchise" paired="cartoon,fantasy">rwby_franchise</tag>
	<tag display="Scooby Doo" paired="cartoon">scooby_doo</tag>
    <tag display="Shantae" paired="video_game">shantae_franchise</tag>
    <tag display="SNK" paired="video_game">snk</tag>
    <tag display="Smash Bros." paired="video_game">smash_bros</tag>
	<tag display="Sonic the Hedgehog" paired="video_game">sonic_franchise</tag>
	<tag display="Spooky's Jump Scare Mansion" paired="video_game,horror">spookys_mansion</tag>
    <tag display="Star Trek" paired="tv_show,sci-fi,future,space">star_trek</tag>
	<tag display="Star Wars" paired="movie,sci-fi,space">star_wars</tag>
    <tag display="Stardew Valley" paired="video_game">stardew_valley</tag>
	<tag display="StarForce-One" paired="book">starforce-one</tag>
	<tag display="Steven Universe" paired="cartoon">steven_universe</tag>
    <tag display="Street Fighter" paired="video_game">street_fighter</tag>
	<tag display="Studio Trigger" paired="anime">studio_trigger</tag>
	<tag display="Super Mario" paired="nintendo,video_game">super_mario</tag>
    <tag display="Sword Art Online" paired="anime">sword_art_online</tag>
	<tag display="Tales of Series" paired="video_game">tales_of</tag>
	<tag display="Tales of Graces" paired="tales_of,video_game">tales_of_graces</tag>
	<tag display="Tales of Symphonia" paired="tales_of,video_game">tales_of_symphonia</tag>
    <tag display="Team Fortress 2" paired="valve,video_game">team_fortress_2</tag>
    <tag display="Teen Titans" paired="cartoon,dc_comics,comic">teen_titans_franchise</tag>
    <tag display="Teenage Mutant Ninja Turtles" paired="cartoon">tmnt</tag>
	<tag display="Tengen Toppa Gurren Lagann" paired="anime,sci-fi,post-apocalyptic,studio_trigger">ttgl</tag>
	<tag display="The Witcher" paired="video_game,fantasy">the_witcher</tag>
	<tag display="Tomb Raider" paired="video_game">tomb_raider</tag>
    <tag display="Toradora" paired="anime">toradora</tag>
	<tag display="Touhou Project" paired="video_game,fantasy">touhou_project</tag>
	<tag display="Ty the Tasmanian Tiger" paired="video_game">ty_franchise</tag>
    <tag display="Undertale" paired="video_game">undertale</tag>
	<tag display="VA-11 HALL-A" paired="video_game,visual_novel,sci-fi,future">va-11_hall-a</tag>
    <tag display="Vandread" paired="anime,space,sci-fi,future">vandread</tag>
    <tag display="Valve" paired="video_game">valve</tag>
	<tag display="Wakfu" paired="cartoon,fantasy">wakfu</tag>
    <tag display="Wii Fit" paired="nintendo,video_game">wii_fit</tag>
	<tag display="World Trigger" paired="anime,manga,sci-fi">world_trigger</tag>
	<tag display="Xenoblade Chronicles" paired="video_game">xenoblade_chronicles</tag>
	<tag display="Yandere Simulator" paired="video_game">yandere_simulator</tag>
    <tag display="Yu-Gi-Oh!" paired="anime">yugioh</tag>
  </group>
  <group label="Occupation" multiselect="true">
    <tag display="Adventurer">adventurer</tag>
    <tag display="Bounty Hunter">bounty_hunter</tag>
    <tag display="Celebrity">celebrity</tag>
    <tag display="Clown">clown</tag>
    <tag display="Criminal">criminal</tag>
    <tag display="Detective">detective</tag>
    <tag display="Gamer">gamer</tag>
    <tag display="Lawyer">lawyer</tag>
    <tag display="Fighter">fighter</tag>
    <tag display="Journalist">journalist</tag>
    <tag display="Magical Girl">magical_girl</tag>
    <tag display="Mech Pilot">mech_pilot</tag>
    <tag display="Medic">medic</tag>
    <tag display="Military">military</tag>
    <tag display="Model">model</tag>
    <tag display="Musician">musician</tag>
    <tag display="Pirate">pirate</tag>
    <tag display="Police">police</tag>
    <tag display="Prince">prince</tag>
    <tag display="Princess">princess</tag>
    <tag display="Scientist">scientist</tag>
    <tag display="Superhero">superhero</tag>
    <tag display="Spy">spy</tag>
    <tag display="Student">student</tag>
    <tag display="Witch">witch</tag>
  </group>
  <group label="Stripping/Forfeit Gimmicks" multiselect="true">
    <tag display="Cheater">cheater</tag>
	<tag display="Disguised as Opposite Sex">crossdresser</tag>
    <tag display="Assisted Stripping">assisted_strip</tag>
	<tag display="Clothing Destroyed when Stripping">clothing_destruction</tag>
	<tag display="Shows Crotch Before Chest">bottomless_first</tag>
    <tag display="Multi-person Forfeit">tandem</tag>
    <tag display="Tentacle/Vine Forfeit">tentacle_forfeit</tag>
    <tag display="Restrained During Forfeit">bondage_forfeit</tag>
	<tag display="Uses Toy for Forfeit">uses_toy</tag>
  </group>
  <group label="Other" multiselect="true">
    <tag display="Creepy">creepy</tag>
    <tag display="Drunk">drunk</tag>
    <tag display="Flies">flies</tag>
    <tag display="Goth">goth</tag>
	<tag display="Has a Camera">uses_camera</tag>
    <tag display="Magical">magic</tag>
	<tag display="Psychic">psychic</tag>
    <tag display="Hero">hero</tag>
    <tag display="Villain">villain</tag>
    <tag display="Virtual">virtual</tag>
  </group>
  <group hidden="true">
    <tag display="Human">human</tag>
    <tag display="Human (Male)">human_male</tag>
    <tag display="Human (Female)">human_female</tag>
  </group>
</tagdictionary>
