stage,pose,comment,blush,anger,juice,code
0,calm,fully clothed,0,0,0,68**aa6.0.0.0.50.6.0.0.0.50_ab_ac_ba50_bb6.0_bc410.500.27.0.1.0_bd6_be180_bf_bg_ca68.0.11.60.16.21.34.0.0.0.60.80_da2.0.0.100_db_dd9.3.11.50.-30.35_dh1.40.55.44.1_di4_qa_qb_dc7.1.2.2.1.1_eh6.f1ad9d.100_ea9.f1ad9d.C95A63.A6253E.1.0_ec1.30.f1ad9d.C95A63.A6253E.38.57.0_ed42.50.1.1.C95A63.A6253E_ef_eg_r0017.f1ad9d.C95A63.A6253E.1.2.20.14.164.370.538.0.2.500_r0164.f1ad9d.C95A63.A6253E.2.2.22.-29.20.373.493.0.1.500_r0264.f1ad9d.C95A63.A6253E.2.2.100.-17.40.404.564.0.1.500_r0363.f1ad9d.C95A63.A6253E.2.2.47.47.184.502.595.0.1.500_r040.f1ad9d.FFF2E0.56.1.2.0.50.247.535.564.0.0.500_r050.f1ad9d.FFF2E0.56.1.2.20.100.264.466.582.0.0.500_fa2.36.50.50.10.56.56_fb7_fh1_fc2.00D5FF.55.2.00D5FF.55.50.20.20.50.50.50_fj8.0.30_fd16.1.22.f1ad9d.A6253E_fe74.59_ff0000000000_fg1.41.56.0.0.1.-46.0_fi1.29.21.7.7_pa0.f1ad9d.0.0.40.50.77.85.0.1_t0126.61.2.0.5.15.345.639.522.0.500_pb_pc_pd_pe_ga0_gb1_gc11.0_ge0000000000_gh_gf_gg_gd000000_ha88.88_hb49.1.44.99_hc0.50.52.0.50.52_hd0.1.51.34.2_ad0.0.0.0.0.0.0.0.0.0_ae1.0.0.0.0_ia1.B1837F.43.B1837F.1.8.0.0.8.0.0_if5.97553F.97553F.0.1.0.0.0.0.0.0.0.0.2_ib0.55.55.55.0.0.0.1.5.38.55.5.38.55.2_id_ic5.25.25.57.0_jc_ie_ja11.55.2.0_jb11.55.2.0_jd4.19.55.57_je4.19.55.57_jf_jg_ka6.0.0.0.0_kb6.0.0.0_kc_kd_ke_kf_la_lb_oa_os_ob_oc_od_oe_of3.3.0.0.0_lc_m0012.3.55.0.1.3.59.10.47.78.1.61.56.500_n00_s00_og_oh_oo_op_oq_or_om_on_ok_ol_oi_oj_f00
1,calm,lost blazer,0,0,0,68**aa6.0.0.0.50.6.0.0.0.50_ab_ac_ba50_bb6.0_bc410.500.20.0.1.0_bd6_be180_bf_bg_ca68.0.11.60.16.21.34.0.0.0.60.80_da2.0.0.100_db_dd9.3.11.50.-30.35_dh1.40.55.44.1_di4_qa_qb_dc7.1.2.2.1.1_eh6.F1AD9D.100_ea9.F1AD9D.C95A63.A6253E.1.0_ec1.30.F1AD9D.C95A63.A6253E.38.57.0_ed42.50.1.1.C95A63.A6253E_ef_eg_r0017.F1AD9D.C95A63.A6253E.1.2.20.14.164.370.538.0.2.500_r0164.F1AD9D.C95A63.A6253E.2.2.22.-29.20.373.493.0.1.500_r0264.F1AD9D.C95A63.A6253E.2.2.100.-17.40.404.564.0.1.500_r0363.F1AD9D.C95A63.A6253E.2.2.47.47.184.502.595.0.1.500_r040.FFF2E0.FFF2E0.56.1.2.0.50.247.535.564.0.0.500_r050.FFF2E0.FFF2E0.56.1.2.20.100.264.466.582.0.0.500_fa2.36.50.50.10.56.56_fb7_fh1_fc2.00D5FF.55.2.00D5FF.55.50.20.20.50.50.50_fj8.0.30_fd16.1.22.F1AD9D.A6253E_fe74.59_ff0000000000_fg1.41.56.0.0.1.-46.0_fi1.29.21.7.7_pa0.f1ad9d.0.0.40.50.77.85.0.0_t0126.61.2.0.5.15.345.639.522.0.500_pb_pc_pd_pe_ga0_gb1_gc11.0_ge0000000000_gh_gf_gg_gd000000_ha88.88_hb49.1.44.99_hc0.50.52.0.50.52_hd0.1.51.34.2_ad0.0.0.0.0.0.0.0.0.0_ae1.0.0.0.0_ia_if5.97553F.97553F.0.1.0.0.0.0.0.0.0.0.2_ib0.55.55.55.0.0.0.1.5.38.55.5.38.55.2_id_ic5.25.25.57.0_jc_ie_ja11.55.2.0_jb11.55.2.0_jd4.19.55.57_je4.19.55.57_jf_jg_ka6.0.0.0.0_kb6.0.0.0_kc_kd_ke_kf_la_lb_oa_os_ob_oc_od_oe_of3.3.0.0.0_lc_m0012.3.55.0.1.3.59.10.47.78.1.61.56.500_n00_s00_og_oh_oo_op_oq_or_om_on_ok_ol_oi_oj_f00
2,calm,lost sweater,20,0,0,68**aa6.0.0.0.50.6.0.0.0.50_ab_ac_ba50_bb6.0_bc410.500.19.0.1.0_bd6_be180_bf_bg_ca68.0.11.60.16.21.34.0.0.0.60.80_da2.0.0.100_db_dd9.3.11.50.-30.35_dh1.40.55.44.1_di4_qa_qb_dc7.1.2.2.1.1_eh6.F1AD9D.100_ea9.F1AD9D.C95A63.A6253E.1.0_ec1.30.F1AD9D.C95A63.A6253E.38.57.0_ed42.50.1.1.C95A63.A6253E_ef_eg_r0017.F1AD9D.C95A63.A6253E.1.2.20.14.164.370.538.0.2.500_r0164.F1AD9D.C95A63.A6253E.2.2.22.-29.20.373.493.0.1.500_r0264.F1AD9D.C95A63.A6253E.2.2.100.-17.40.404.564.0.1.500_r0363.F1AD9D.C95A63.A6253E.2.2.47.47.184.502.595.0.1.500_r040.FFF2E0.FFF2E0.56.1.2.0.50.247.535.564.0.0.500_r050.FFF2E0.FFF2E0.56.1.2.20.100.264.466.582.0.0.500_fa2.36.50.50.10.56.56_fb7_fh1_fc2.00D5FF.55.2.00D5FF.55.50.20.20.50.50.50_fj8.0.30_fd16.1.22.F1AD9D.A6253E_fe74.59_ff0000000000_fg1.41.56.0.0.1.-46.0_fi1.29.21.7.7_pa0.0.0.0.40.50.77.85.0.0_t0126.61.2.0.5.15.345.639.522.0.500_pb_pc_pd_pe_ga0_gb1_gc11.0_ge0000000000_gh_gf_gg_gd000000_ha88.88_hb49.1.44.99_hc0.50.52.0.50.52_hd0.1.51.34.2_ad0.0.0.0.0.0.0.0.0.0_ae1.0.0.0.0_ia_if_ib0.55.55.55.0.0.0.1.5.38.55.5.38.55.2_id_ic5.25.25.57.0_jc_ie_ja11.55.2.0_jb11.55.2.0_jd4.19.55.57_je4.19.55.57_jf_jg_ka6.0.0.0.0_kb6.0.0.0_kc_kd_ke_kf_la_lb_oa_os_ob_oc_od_oe_of3.3.0.0.0_lc_m0012.3.3.0.1.3.59.10.47.78.1.61.56.500_n00_s00_og_oh_oo_op_oq_or_om_on_ok_ol_oi_oj_f00
3,calm,lost shoes,20,0,0,68**aa6.0.0.0.50.6.0.0.0.50_ab_ac_ba50_bb6.0_bc410.500.19.0.1.0_bd6_be180_bf_bg_ca68.0.11.60.16.21.34.0.0.0.60.80_da2.0.0.100_db_dd9.3.11.50.-30.35_dh1.40.55.44.1_di4_qa_qb_dc7.1.2.2.1.1_eh6.F1AD9D.100_ea9.F1AD9D.C95A63.A6253E.1.0_ec1.30.F1AD9D.C95A63.A6253E.38.57.0_ed42.50.1.1.C95A63.A6253E_ef_eg_r0017.F1AD9D.C95A63.A6253E.1.2.20.14.164.370.538.0.2.500_r0164.F1AD9D.C95A63.A6253E.2.2.22.-29.20.373.493.0.1.500_r0264.F1AD9D.C95A63.A6253E.2.2.100.-17.40.404.564.0.1.500_r0363.F1AD9D.C95A63.A6253E.2.2.47.47.184.502.595.0.1.500_r040.FFF2E0.FFF2E0.56.1.2.0.50.247.535.564.0.0.500_r050.FFF2E0.FFF2E0.56.1.2.20.100.264.466.582.0.0.500_fa2.36.50.50.10.56.56_fb7_fh1_fc2.00D5FF.55.2.00D5FF.55.50.20.20.50.50.50_fj8.0.30_fd16.1.22.F1AD9D.A6253E_fe74.59_ff0000000000_fg1.41.56.0.0.1.-46.0_fi1.29.21.7.7_pa0.0.0.0.40.50.77.85.0.0_t0126.61.2.0.5.15.345.639.522.0.500_pb_pc_pd_pe_ga0_gb1_gc11.0_ge0000000000_gh_gf_gg_gd000000_ha88.88_hb49.1.44.99_hc0.50.52.0.50.52_hd0.1.51.34.2_ad0.0.0.0.0.0.0.0.0.0_ae1.0.0.0.0_ia_if_ib0.55.55.55.0.0.0.1.5.38.55.5.38.55.2_id_ic5.25.25.57.0_jc_ie_ja_jb_jd_je_jf_jg_ka6.0.0.0.0_kb6.0.0.0_kc_kd_ke_kf_la_lb_oa_os_ob_oc_od_oe_of3.3.0.0.0_lc_m0012.3.3.0.1.3.59.10.47.78.1.61.56.500_n00_s00_og_oh_oo_op_oq_or_om_on_ok_ol_oi_oj_f00
4,calm,lost shirt,40,0,0,68**aa6.0.0.0.50.6.0.0.0.50_ab_ac_ba50_bb6.0_bc410.500.19.0.1.0_bd6_be180_bf_bg_ca68.0.11.60.16.21.34.0.0.0.60.80_da2.0.0.100_db_dd9.3.11.50.-30.35_dh1.40.55.44.1_di4_qa_qb_dc7.1.2.2.1.1_eh6.F1AD9D.100_ea9.F1AD9D.C95A63.A6253E.1.0_ec1.30.F1AD9D.C95A63.A6253E.38.57.0_ed42.50.1.1.C95A63.A6253E_ef_eg_r0017.F1AD9D.C95A63.A6253E.1.2.20.14.164.370.538.0.2.500_r0164.F1AD9D.C95A63.A6253E.2.2.22.-29.20.373.493.0.1.500_r0264.F1AD9D.C95A63.A6253E.2.2.100.-17.40.404.564.0.1.500_r0363.F1AD9D.C95A63.A6253E.2.2.47.47.184.502.595.0.1.500_r040.FFF2E0.FFF2E0.56.1.2.0.50.247.535.564.0.0.500_r050.FFF2E0.FFF2E0.56.1.2.20.100.264.466.582.0.0.500_fa2.36.50.50.10.56.56_fb7_fh1_fc2.00D5FF.55.2.00D5FF.55.50.20.20.50.50.50_fj8.0.30_fd16.1.22.F1AD9D.A6253E_fe74.59_ff0000000000_fg1.41.56.0.0.1.-46.0_fi1.29.21.7.7_pa0.0.0.0.40.50.77.85.0.0_t0126.61.2.0.5.15.345.639.522.0.500_pb_pc_pd_pe_ga0_gb1_gc11.0_ge0000000000_gh_gf_gg_gd000000_ha88.88_hb49.1.44.99_hc0.50.52.0.50.52_hd0.1.51.34.2_ad0.0.0.0.0.0.0.0.0.0_ae1.0.0.0.0_ia_if_ib_id_ic5.25.25.57.0_jc_ie_ja_jb_jd_je_jf_jg_ka6.0.0.0.0_kb6.0.0.0_kc_kd_ke_kf_la_lb_oa_os_ob_oc_od_oe_of_lc_m0012.3.3.0.1.3.59.10.47.78.1.61.56.500_n00_s00_og_oh_oo_op_oq_or_om_on_ok_ol_oi_oj_f00
5,calm,lost skirt,55,0,0,68**aa6.0.0.0.50.6.0.0.0.50_ab_ac_ba50_bb6.0_bc410.500.19.0.1.0_bd6_be180_bf_bg_ca68.0.11.60.16.21.34.0.0.0.60.80_da2.0.0.100_db_dd9.3.11.50.-30.35_dh1.40.55.44.1_di4_qa_qb_dc7.1.2.2.1.1_eh6.F1AD9D.100_ea9.F1AD9D.C95A63.A6253E.1.0_ec1.30.F1AD9D.C95A63.A6253E.38.57.0_ed42.50.1.1.C95A63.A6253E_ef_eg_r0017.F1AD9D.C95A63.A6253E.1.2.20.14.164.370.538.0.2.500_r0164.F1AD9D.C95A63.A6253E.2.2.22.-29.20.373.493.0.1.500_r0264.F1AD9D.C95A63.A6253E.2.2.100.-17.40.404.564.0.1.500_r0363.F1AD9D.C95A63.A6253E.2.2.47.47.184.502.595.0.1.500_r040.FFF2E0.FFF2E0.56.1.2.0.50.247.535.564.0.0.500_r050.FFF2E0.FFF2E0.56.1.2.20.100.264.466.582.0.0.500_fa2.36.50.50.10.56.56_fb7_fh1_fc2.00D5FF.55.2.00D5FF.55.50.20.20.50.50.50_fj8.0.30_fd16.1.22.F1AD9D.A6253E_fe74.59_ff0000000000_fg1.41.56.0.0.1.-46.0_fi1.29.21.7.7_pa0.0.0.0.40.50.77.85.0.0_t0126.61.2.0.5.15.345.639.522.0.500_pb_pc_pd_pe_ga0_gb1_gc11.0_ge0000000000_gh_gf_gg_gd000000_ha88.88_hb49.1.44.99_hc0.50.52.0.50.52_hd0.1.51.34.2_ad0.0.0.0.0.0.0.0.0.0_ae1.0.0.0.0_ia_if_ib_id_ic_jc_ie_ja_jb_jd_je_jf_jg_ka6.0.0.0.0_kb6.0.0.0_kc_kd_ke_kf_la_lb_oa_os_ob_oc_od_oe_of_lc_m0012.3.3.0.1.3.59.10.47.78.1.61.56.500_n00_s00_og_oh_oo_op_oq_or_om_on_ok_ol_oi_oj_f00
6,calm,lost bra,45,0,0,68**aa6.0.0.0.50.6.0.0.0.50_ab_ac_ba50_bb6.0_bc410.500.19.0.1.0_bd6_be180_bf_bg_ca68.0.11.60.16.21.34.0.0.0.60.80_da2.0.0.100_db_dd9.3.11.50.-30.35_dh1.40.55.44.1_di4_qa_qb_dc7.1.2.2.1.1_eh6.F1AD9D.100_ea9.F1AD9D.C95A63.A6253E.1.0_ec1.30.F1AD9D.C95A63.A6253E.38.57.0_ed42.50.1.1.C95A63.A6253E_ef_eg_r0017.F1AD9D.C95A63.A6253E.1.2.20.14.164.370.538.0.2.500_r0164.F1AD9D.C95A63.A6253E.2.2.22.-29.20.373.493.0.1.500_r0264.F1AD9D.C95A63.A6253E.2.2.100.-17.40.404.564.0.1.500_r0363.F1AD9D.C95A63.A6253E.2.2.47.47.184.502.595.0.1.500_r040.FFF2E0.FFF2E0.56.1.2.0.50.247.535.564.0.0.500_r050.FFF2E0.FFF2E0.56.1.2.20.100.264.466.582.0.0.500_fa2.36.50.50.10.56.56_fb7_fh1_fc2.00D5FF.55.2.00D5FF.55.50.20.20.50.50.50_fj8.0.30_fd16.1.22.F1AD9D.A6253E_fe74.59_ff0000000000_fg1.41.56.0.0.1.-46.0_fi1.29.21.7.7_pa0.0.0.0.40.50.77.85.0.0_t0126.61.2.0.5.15.345.639.522.0.500_pb_pc_pd_pe_ga0_gb1_gc11.0_ge0000000000_gh_gf_gg_gd000000_ha88.88_hb49.1.44.99_hc0.50.52.0.50.52_hd0.1.51.34.2_ad0.0.0.0.0.0.0.0.0.0_ae0.3.3.0.0_ia_if_ib_id_ic_jc_ie_ja_jb_jd_je_jf_jg_ka_kb6.0.0.0_kc_kd_ke_kf_la_lb_oa_os_ob_oc_od_oe_of_lc_m0012.3.3.0.1.3.59.10.47.78.1.61.56.500_n00_s00_og_oh_oo_op_oq_or_om_on_ok_ol_oi_oj_f00
7,calm,lost panties (naked),45,0,0,68**aa6.0.0.0.50.6.0.0.0.50_ab_ac_ba50_bb6.0_bc410.500.19.0.1.0_bd6_be180_bf_bg_ca68.0.11.60.16.21.34.0.0.0.60.80_da2.0.0.100_db_dd9.3.11.50.-30.35_dh1.40.55.44.1_di4_qa_qb_dc7.1.2.2.1.1_eh6.F1AD9D.100_ea9.F1AD9D.C95A63.A6253E.1.0_ec1.30.F1AD9D.C95A63.A6253E.38.57.0_ed42.50.1.1.C95A63.A6253E_ef_eg_r0017.F1AD9D.C95A63.A6253E.1.2.20.14.164.370.538.0.2.500_r0164.F1AD9D.C95A63.A6253E.2.2.22.-29.20.373.493.0.1.500_r0264.F1AD9D.C95A63.A6253E.2.2.100.-17.40.404.564.0.1.500_r0363.F1AD9D.C95A63.A6253E.2.2.47.47.184.502.595.0.1.500_r040.FFF2E0.FFF2E0.56.1.2.0.50.247.535.564.0.0.500_r050.FFF2E0.FFF2E0.56.1.2.20.100.264.466.582.0.0.500_fa2.36.50.50.10.56.56_fb7_fh1_fc2.00D5FF.55.2.00D5FF.55.50.20.20.50.50.50_fj8.0.30_fd16.1.22.F1AD9D.A6253E_fe74.59_ff0000000000_fg1.41.56.0.0.1.-46.0_fi1.29.21.7.7_pa0.0.0.0.40.50.77.85.0.0_t0126.61.2.0.5.15.345.639.522.0.500_pb_pc_pd_pe_ga0_gb1_gc11.0_ge0000000000_gh_gf_gg_gd000000_ha88.88_hb49.1.44.99_hc0.50.52.0.50.52_hd0.1.51.34.2_ad0.0.0.0.0.0.0.0.0.0_ae0.3.3.0.0_ia_if_ib_id_ic_jc_ie_ja_jb_jd_je_jf_jg_ka_kb_kc_kd_ke_kf_la_lb_oa_os_ob_oc_od_oe_of_lc_m0012.3.3.0.1.3.59.10.47.78.1.61.56.500_n00_s00_og_oh_oo_op_oq_or_om_on_ok_ol_oi_oj_f00
8,calm,masturbating,85,0,75,
9,calm,finished,85,0,125,
,,,,,,
0,happy,,0,0,0,68**aa6.56.0.16.33.6.56.0.16.33_ab_ac_ba50_bb8.0_bc410.500.20.0.1.0_bd8_be180_bf_bg_ca68.0.11.60.16.21.34.0.0.0.60.80_da2.0.0.100_db_dd9.3.11.50.-30.35_dh1.40.55.44.1_di4_qa_qb_dc7.1.2.2.1.1_eh6.F1AD9D.100_ea9.F1AD9D.C95A63.A6253E.1.0_ec1.30.F1AD9D.C95A63.A6253E.38.57.0_ed42.50.1.1.C95A63.A6253E_ef_eg_r0017.F1AD9D.C95A63.A6253E.1.2.20.14.164.370.538.0.2.500_r0164.F1AD9D.C95A63.A6253E.2.2.22.-29.20.373.493.0.1.500_r0264.F1AD9D.C95A63.A6253E.2.2.100.-17.40.404.564.0.1.500_r0363.F1AD9D.C95A63.A6253E.2.2.47.47.184.502.595.0.1.500_r040.FFF2E0.FFF2E0.56.1.2.0.50.247.535.564.0.0.500_r050.FFF2E0.FFF2E0.56.1.2.20.100.264.466.582.0.0.500_fa2.36.50.50.10.56.56_fb7_fh1_fc2.00D5FF.55.2.00D5FF.55.50.20.20.50.50.50_fj8.0.30_fd16.1.22.F1AD9D.A6253E_fe74.59_ff0000000000_fg1.41.56.0.0.1.-46.0_fi1.29.21.7.7_pa0.0.0.0.40.50.77.85.0.0_t0126.61.2.0.5.15.345.639.522.0.500_pb_pc_pd_pe_ga0_gb1_gc11.0_ge0000000000_gh_gf_gg_gd000000_ha88.88_hb49.1.50.99_hc0.50.52.0.50.52_hd22.1.71.34.2_ad0.0.0.0.0.0.0.0.0.0_ae0.3.3.0.0_ia1.B1837F.43.B1837F.1.8.0.0.8.0.0_if5.97553F.97553F.0.1.0.0.0.0.0.0.0.0.2_ib0.55.55.55.0.0.0.1.5.38.55.5.38.55.2_id_ic5.25.25.57.0_jc_ie_ja11.55.2.0_jb11.55.2.0_jd4.19.55.57_je4.19.55.57_jf_jg_ka6.0.0.0.0_kb6.0.0.0_kc_kd_ke_kf_la_lb_oa_os_ob_oc_od_oe_of3.3.0.0.0_lc_m0012.3.55.0.1.3.59.10.47.78.1.61.56.500_n00_s00_og_oh_oo_op_oq_or_om_on_ok_ol_oi_oj_f00
1,happy,,0,0,0,68**aa6.56.0.16.33.6.56.0.16.33_ab_ac_ba50_bb8.0_bc410.500.8.0.1.0_bd8_be180_bf_bg_ca68.0.11.60.16.21.34.0.0.0.60.80_da2.0.0.100_db_dd9.3.11.50.-30.35_dh1.40.55.44.1_di4_qa_qb_dc7.1.2.2.1.1_eh6.F1AD9D.100_ea9.F1AD9D.C95A63.A6253E.1.0_ec1.30.F1AD9D.C95A63.A6253E.38.57.0_ed42.50.1.1.C95A63.A6253E_ef_eg_r0017.F1AD9D.C95A63.A6253E.1.2.20.14.164.370.538.0.2.500_r0164.F1AD9D.C95A63.A6253E.2.2.22.-29.20.373.493.0.1.500_r0264.F1AD9D.C95A63.A6253E.2.2.100.-17.40.404.564.0.1.500_r0363.F1AD9D.C95A63.A6253E.2.2.47.47.184.502.595.0.1.500_r040.FFF2E0.FFF2E0.56.1.2.0.50.247.535.564.0.0.500_r050.FFF2E0.FFF2E0.56.1.2.20.100.264.466.582.0.0.500_fa2.36.50.50.10.56.56_fb7_fh1_fc2.00D5FF.55.2.00D5FF.55.50.20.20.50.50.50_fj8.0.30_fd16.1.22.F1AD9D.A6253E_fe74.59_ff0000000000_fg1.41.56.0.0.1.-46.0_fi1.29.21.7.7_pa0.0.0.0.40.50.77.85.0.0_t0126.61.2.0.5.15.345.639.522.0.500_pb_pc_pd_pe_ga0_gb1_gc11.0_ge0000000000_gh_gf_gg_gd000000_ha88.88_hb49.1.50.99_hc0.50.52.0.50.52_hd22.1.71.34.2_ad0.0.0.0.0.0.0.0.0.0_ae0.3.3.0.0_ia_if5.97553F.97553F.49.1.0.0.0.0.0.0.0.0.2_ib0.55.55.55.0.0.0.1.5.0.0.5.0.0.2_id_ic5.25.25.56.0_jc_ie_ja11.55.2.0_jb11.55.2.0_jd4.19.55.57_je4.19.55.57_jf_jg_ka6.0.0.0.0_kb6.0.0.0_kc_kd_ke_kf_la_lb_oa_os_ob_oc_od_oe_of3.3.43.0.0_lc_m0012.3.3.0.1.3.59.10.47.78.1.61.56.500_n00_s00_og_oh_oo_op_oq_or_om_on_ok_ol_oi_oj_f00
2,happy,,20,0,0,68**aa6.56.0.9.58.12.56.0.9.43_ab_ac_ba56_bb5.0_bc410.500.8.0.1.0_bd9_be182_bf_bg_ca68.0.11.60.16.21.34.0.0.0.60.80_da2.0.0.100_db_dd9.3.11.50.-30.35_dh1.40.55.44.1_di4_qa_qb_dc7.1.2.2.1.1_eh6.F1AD9D.100_ea9.F1AD9D.C95A63.A6253E.1.0_ec1.30.F1AD9D.C95A63.A6253E.38.57.0_ed42.50.1.1.C95A63.A6253E_ef_eg_r0017.F1AD9D.C95A63.A6253E.1.2.20.14.164.370.538.0.2.500_r0164.F1AD9D.C95A63.A6253E.2.2.22.-29.20.373.493.0.1.500_r0264.F1AD9D.C95A63.A6253E.2.2.100.-17.40.404.564.0.1.500_r0363.F1AD9D.C95A63.A6253E.2.2.47.47.184.502.595.0.1.500_r040.FFF2E0.FFF2E0.56.1.2.0.50.247.535.564.0.0.500_r050.FFF2E0.FFF2E0.56.1.2.20.100.264.466.582.0.0.500_fa2.36.50.50.10.56.56_fb7_fh1_fc2.00D5FF.55.2.00D5FF.55.50.20.20.50.50.50_fj8.0.30_fd16.1.22.F1AD9D.A6253E_fe74.59_ff0000000000_fg1.41.56.0.0.1.-46.0_fi1.29.21.7.7_pa0.0.0.0.40.50.77.85.0.0_t0126.61.2.0.5.15.345.639.522.0.500_pb_pc_pd_pe_ga0_gb1_gc11.0_ge0000000000_gh_gf_gg_gd000000_ha88.88_hb49.1.50.99_hc0.50.52.0.50.52_hd22.1.71.34.2_ad0.0.0.0.0.0.0.0.0.0_ae0.3.3.0.0_ia_if_ib0.55.55.55.0.0.0.1.5.0.0.5.0.0.2_id_ic5.25.25.56.0_jc_ie_ja11.55.2.0_jb11.55.2.0_jd4.19.55.57_je4.19.55.57_jf_jg_ka6.0.0.0.0_kb6.0.0.0_kc_kd_ke_kf_la_lb_oa_os_ob_oc_od_oe_of3.3.43.0.0_lc_m0012.3.3.0.1.3.59.10.47.78.1.61.56.500_n00_s00_og_oh_oo_op_oq_or_om_on_ok_ol_oi_oj_f00
3,happy,,20,0,0,68**aa6.55.0.12.14.6.55.0.12.14_ab_ac_ba50_bb5.0_bc410.500.8.0.1.0_bd8_be181_bf_bg_ca68.0.11.60.16.21.34.0.0.0.60.80_da2.0.0.100_db_dd9.3.11.50.-30.35_dh1.40.55.44.1_di4_qa_qb_dc7.1.2.2.1.1_eh6.F1AD9D.100_ea9.F1AD9D.C95A63.A6253E.1.0_ec1.30.F1AD9D.C95A63.A6253E.38.57.0_ed42.50.1.1.C95A63.A6253E_ef_eg_r0017.F1AD9D.C95A63.A6253E.1.2.20.14.164.370.538.0.2.500_r0164.F1AD9D.C95A63.A6253E.2.2.22.-29.20.373.493.0.1.500_r0264.F1AD9D.C95A63.A6253E.2.2.100.-17.40.404.564.0.1.500_r0363.F1AD9D.C95A63.A6253E.2.2.47.47.184.502.595.0.1.500_r040.FFF2E0.FFF2E0.56.1.2.0.50.247.535.564.0.0.500_r050.FFF2E0.FFF2E0.56.1.2.20.100.264.466.582.0.0.500_fa2.36.50.50.10.56.56_fb7_fh1_fc2.00D5FF.55.2.00D5FF.55.50.20.20.50.50.50_fj8.0.30_fd16.1.22.F1AD9D.A6253E_fe74.59_ff0000000000_fg1.41.56.0.0.1.-46.0_fi1.29.21.7.7_pa0.0.0.0.40.50.77.85.0.0_t0126.61.2.0.5.15.345.639.522.0.500_pb_pc_pd_pe_ga0_gb1_gc11.0_ge0000000000_gh_gf_gg_gd000000_ha88.88_hb49.1.50.99_hc0.50.52.0.50.52_hd22.1.46.25.2_ad0.0.0.0.0.0.0.0.0.0_ae0.3.3.0.0_ia_if_ib0.55.55.55.0.0.0.1.5.0.0.5.0.0.2_id_ic5.25.25.56.0_jc_ie_ja_jb_jd_je_jf_jg_ka6.0.0.0.0_kb6.0.0.0_kc_kd_ke_kf_la_lb_oa_os_ob_oc_od_oe_of3.3.43.0.0_lc_m0012.3.3.0.1.3.59.10.47.78.1.61.56.500_n00_s00_og_oh_oo_op_oq_or_om_on_ok_ol_oi_oj_f00
4,happy,,40,0,0,68**aa6.53.0.34.21.6.53.0.34.21_ab_ac_ba61_bb5.0_bc410.500.8.0.1.0_bd8_be181_bf_bg_ca68.0.11.60.16.21.34.0.0.0.60.80_da2.0.0.100_db_dd9.3.11.50.-30.35_dh1.40.55.44.1_di4_qa_qb_dc7.1.2.2.1.1_eh6.F1AD9D.100_ea9.F1AD9D.C95A63.A6253E.1.0_ec1.30.F1AD9D.C95A63.A6253E.38.57.0_ed42.50.1.1.C95A63.A6253E_ef_eg_r0017.F1AD9D.C95A63.A6253E.1.2.20.14.164.370.538.0.2.500_r0164.F1AD9D.C95A63.A6253E.2.2.22.-29.20.373.493.0.1.500_r0264.F1AD9D.C95A63.A6253E.2.2.100.-17.40.404.564.0.1.500_r0363.F1AD9D.C95A63.A6253E.2.2.47.47.184.502.595.0.1.500_r040.FFF2E0.FFF2E0.56.1.2.0.50.247.535.564.0.0.500_r050.FFF2E0.FFF2E0.56.1.2.20.100.264.466.582.0.0.500_fa2.36.50.50.10.56.56_fb7_fh1_fc2.00D5FF.55.2.00D5FF.55.50.20.20.50.50.50_fj8.0.30_fd16.1.22.F1AD9D.A6253E_fe74.59_ff0000000000_fg1.41.56.0.0.1.-46.0_fi1.29.21.7.7_pa0.0.0.0.40.50.77.85.0.0_t0126.61.2.0.4.15.338.652.462.0.449_pb_pc_pd_pe_ga0_gb1_gc11.0_ge0000000000_gh_gf_gg_gd000000_ha0.0_hb49.1.50.99_hc0.50.52.0.50.52_hd22.1.46.25.2_ad0.0.0.0.0.0.0.0.0.0_ae0.3.3.0.0_ia_if_ib_id_ic5.25.25.56.0_jc_ie_ja_jb_jd_je_jf_jg_ka6.0.0.0.0_kb6.0.0.0_kc_kd_ke_kf_la_lb_oa_os_ob_oc_od_oe_of_lc_m0012.3.3.0.1.3.59.10.47.78.1.61.56.500_n00_s00_og_oh_oo_op_oq_or_om_on_ok_ol_oi_oj_f00
5,happy,,55,0,0,68**aa15.55.0.26.34.6.80.0.46.85_ab_ac_ba61_bb5.0_bc410.500.8.0.1.0_bd8_be181_bf_bg_ca68.0.11.60.16.21.34.0.0.0.60.80_da2.0.0.100_db_dd9.3.11.50.-30.35_dh1.40.55.44.1_di4_qa_qb_dc7.1.2.2.1.1_eh6.F1AD9D.100_ea9.F1AD9D.C95A63.A6253E.1.0_ec1.30.F1AD9D.C95A63.A6253E.38.57.0_ed42.50.1.1.C95A63.A6253E_ef_eg_r0017.F1AD9D.C95A63.A6253E.1.2.20.14.164.370.538.0.2.500_r0164.F1AD9D.C95A63.A6253E.2.2.22.-29.20.373.493.0.1.500_r0264.F1AD9D.C95A63.A6253E.2.2.100.-17.40.404.564.0.1.500_r0363.F1AD9D.C95A63.A6253E.2.2.47.47.184.502.595.0.1.500_r040.FFF2E0.FFF2E0.56.1.2.0.50.247.535.564.0.0.500_r050.FFF2E0.FFF2E0.56.1.2.20.100.264.466.582.0.0.500_fa2.36.50.50.10.56.56_fb7_fh1_fc2.00D5FF.55.2.00D5FF.55.50.20.20.50.50.50_fj8.0.30_fd16.1.22.F1AD9D.A6253E_fe74.59_ff0000000000_fg1.41.56.0.0.1.-46.0_fi1.29.21.7.7_pa0.0.0.0.40.50.77.85.0.0_t0126.61.2.0.4.15.338.652.462.0.449_pb_pc_pd_pe_ga0_gb1_gc11.0_ge0000000000_gh_gf_gg_gd000000_ha0.0_hb49.1.50.99_hc0.50.52.0.50.52_hd22.1.46.25.2_ad0.0.0.0.0.0.0.0.0.0_ae0.3.3.0.0_ia_if_ib_id_ic_jc_ie_ja_jb_jd_je_jf_jg_ka6.0.0.0.0_kb6.0.0.0_kc_kd_ke_kf_la_lb_oa_os_ob_oc_od_oe_of_lc_m0012.3.3.0.1.3.59.10.47.78.1.61.56.500_n00_s00_og_oh_oo_op_oq_or_om_on_ok_ol_oi_oj_f00
,,,,,,
0,thinking,,0,0,0,68**aa6.56.0.21.53.6.76.1.16.30_ab_ac_ba50_bb6.0_bc410.500.20.0.1.0_bd6_be180_bf_bg_ca68.0.11.60.16.21.34.0.0.0.60.80_da2.0.0.100_db_dd9.3.11.50.-30.35_dh1.40.55.44.1_di4_qa_qb_dc7.1.2.2.1.1_eh6.F1AD9D.100_ea9.F1AD9D.C95A63.A6253E.1.0_ec1.30.F1AD9D.C95A63.A6253E.38.57.0_ed42.50.1.1.C95A63.A6253E_ef_eg_r0017.F1AD9D.C95A63.A6253E.1.2.20.14.164.370.538.0.2.500_r0164.F1AD9D.C95A63.A6253E.2.2.22.-29.20.373.493.0.1.500_r0264.F1AD9D.C95A63.A6253E.2.2.100.-17.40.404.564.0.1.500_r0363.F1AD9D.C95A63.A6253E.2.2.47.47.184.502.595.0.1.500_r040.FFF2E0.FFF2E0.56.1.2.0.50.247.535.564.0.0.500_r050.FFF2E0.FFF2E0.56.1.2.20.100.264.466.582.0.0.500_fa2.36.50.50.10.56.56_fb7_fh1_fc2.00D5FF.55.2.00D5FF.55.50.20.20.50.50.50_fj8.0.30_fd16.1.22.F1AD9D.A6253E_fe74.59_ff0000000000_fg1.41.56.0.0.1.-46.0_fi1.29.21.7.7_pa0.0.0.0.40.50.77.85.0.0_t0126.61.2.0.5.15.345.639.522.0.500_pb_pc_pd_pe_ga0_gb1_gc11.0_ge0000000000_gh_gf_gg_gd000000_ha88.88_hb61.0.87.99_hc0.88.93.0.60.18_hd5.1.71.34.2_ad0.0.0.0.0.0.0.0.0.0_ae0.3.3.0.0_ia1.B1837F.43.B1837F.1.8.0.0.8.0.0_if5.97553F.97553F.0.1.0.0.0.0.0.0.0.0.2_ib0.55.55.55.0.0.0.1.5.38.55.5.38.55.2_id_ic5.25.25.57.0_jc_ie_ja11.55.2.0_jb11.55.2.0_jd4.19.55.57_je4.19.55.57_jf_jg_ka6.0.0.0.0_kb6.0.0.0_kc_kd_ke_kf_la_lb_oa_os_ob_oc_od_oe_of3.3.0.0.0_lc_m0012.3.55.0.1.3.59.10.47.78.1.61.56.500_n00_s00_og_oh_oo_op_oq_or_om_on_ok_ol_oi_oj_f00
1,thinking,,0,0,0,68**aa6.56.0.21.53.6.76.1.16.30_ab_ac_ba50_bb6.0_bc410.500.8.0.1.0_bd6_be180_bf_bg_ca68.0.11.60.16.21.34.0.0.0.60.80_da2.0.0.100_db_dd9.3.11.50.-30.35_dh1.40.55.44.1_di4_qa_qb_dc7.1.2.2.1.1_eh6.F1AD9D.100_ea9.F1AD9D.C95A63.A6253E.1.0_ec1.30.F1AD9D.C95A63.A6253E.38.57.0_ed42.50.1.1.C95A63.A6253E_ef_eg_r0017.F1AD9D.C95A63.A6253E.1.2.20.14.164.370.538.0.2.500_r0164.F1AD9D.C95A63.A6253E.2.2.22.-29.20.373.493.0.1.500_r0264.F1AD9D.C95A63.A6253E.2.2.100.-17.40.404.564.0.1.500_r0363.F1AD9D.C95A63.A6253E.2.2.47.47.184.502.595.0.1.500_r040.FFF2E0.FFF2E0.56.1.2.0.50.247.535.564.0.0.500_r050.FFF2E0.FFF2E0.56.1.2.20.100.264.466.582.0.0.500_fa2.36.50.50.10.56.56_fb7_fh1_fc2.00D5FF.55.2.00D5FF.55.50.20.20.50.50.50_fj8.0.30_fd16.1.22.F1AD9D.A6253E_fe74.59_ff0000000000_fg1.41.56.0.0.1.-46.0_fi1.29.21.7.7_pa0.0.0.0.40.50.77.85.0.0_t0126.61.2.0.5.15.345.639.522.0.500_pb_pc_pd_pe_ga0_gb1_gc11.0_ge0000000000_gh_gf_gg_gd000000_ha88.88_hb61.0.87.99_hc0.88.93.0.60.18_hd5.1.71.34.2_ad0.0.0.0.0.0.0.0.0.0_ae0.3.3.0.0_ia_if5.97553F.97553F.49.1.0.0.0.0.0.0.0.0.2_ib0.55.55.55.0.0.0.1.5.0.0.5.0.0.2_id_ic5.25.25.56.0_jc_ie_ja11.55.2.0_jb11.55.2.0_jd4.19.55.57_je4.19.55.57_jf_jg_ka6.0.0.0.0_kb6.0.0.0_kc_kd_ke_kf_la_lb_oa_os_ob_oc_od_oe_of3.3.43.0.0_lc_m0012.3.3.0.1.3.59.10.47.78.1.61.56.500_n00_s00_og_oh_oo_op_oq_or_om_on_ok_ol_oi_oj_f00
2,thinking,,20,0,0,68**aa6.56.0.21.53.6.76.1.16.30_ab_ac_ba50_bb6.0_bc410.500.8.0.1.0_bd6_be180_bf_bg_ca68.0.11.60.16.21.34.0.0.0.60.80_da2.0.0.100_db_dd9.3.11.50.-30.35_dh1.40.55.44.1_di4_qa_qb_dc7.1.2.2.1.1_eh6.F1AD9D.100_ea9.F1AD9D.C95A63.A6253E.1.0_ec1.30.F1AD9D.C95A63.A6253E.38.57.0_ed42.50.1.1.C95A63.A6253E_ef_eg_r0017.F1AD9D.C95A63.A6253E.1.2.20.14.164.370.538.0.2.500_r0164.F1AD9D.C95A63.A6253E.2.2.22.-29.20.373.493.0.1.500_r0264.F1AD9D.C95A63.A6253E.2.2.100.-17.40.404.564.0.1.500_r0363.F1AD9D.C95A63.A6253E.2.2.47.47.184.502.595.0.1.500_r040.FFF2E0.FFF2E0.56.1.2.0.50.247.535.564.0.0.500_r050.FFF2E0.FFF2E0.56.1.2.20.100.264.466.582.0.0.500_fa2.36.50.50.10.56.56_fb7_fh1_fc2.00D5FF.55.2.00D5FF.55.50.20.20.50.50.50_fj8.0.30_fd16.1.22.F1AD9D.A6253E_fe74.59_ff0000000000_fg1.41.56.0.0.1.-46.0_fi1.29.21.7.7_pa0.0.0.0.40.50.77.85.0.0_t0126.61.2.0.5.15.345.639.522.0.500_pb_pc_pd_pe_ga0_gb1_gc11.0_ge0000000000_gh_gf_gg_gd000000_ha88.88_hb61.0.87.99_hc0.88.93.0.60.18_hd5.1.71.34.2_ad0.0.0.0.0.0.0.0.0.0_ae0.3.3.0.0_ia_if_ib0.55.55.55.0.0.0.1.5.0.0.5.0.0.2_id_ic5.25.25.56.0_jc_ie_ja11.55.2.0_jb11.55.2.0_jd4.19.55.57_je4.19.55.57_jf_jg_ka6.0.0.0.0_kb6.0.0.0_kc_kd_ke_kf_la_lb_oa_os_ob_oc_od_oe_of3.3.43.0.0_lc_m0012.3.3.0.1.3.59.10.47.78.1.61.56.500_n00_s00_og_oh_oo_op_oq_or_om_on_ok_ol_oi_oj_f00
3,thinking,Cutely cross-eyed.,20,0,0,68**aa6.56.0.21.53.6.76.1.16.30_ab_ac_ba50_bb6.0_bc410.500.8.0.1.0_bd6_be180_bf_bg_ca68.0.11.60.16.21.34.0.0.0.60.80_da2.0.0.100_db_dd9.3.11.50.-30.35_dh1.40.55.44.1_di4_qa_qb_dc7.1.2.2.1.1_eh6.F1AD9D.100_ea9.F1AD9D.C95A63.A6253E.1.0_ec1.30.F1AD9D.C95A63.A6253E.38.57.0_ed42.50.1.1.C95A63.A6253E_ef_eg_r0017.F1AD9D.C95A63.A6253E.1.2.20.14.164.370.538.0.2.500_r0164.F1AD9D.C95A63.A6253E.2.2.22.-29.20.373.493.0.1.500_r0264.F1AD9D.C95A63.A6253E.2.2.100.-17.40.404.564.0.1.500_r0363.F1AD9D.C95A63.A6253E.2.2.47.47.184.502.595.0.1.500_r040.FFF2E0.FFF2E0.56.1.2.0.50.247.535.564.0.0.500_r050.FFF2E0.FFF2E0.56.1.2.20.100.264.466.582.0.0.500_fa2.36.50.50.10.56.56_fb7_fh1_fc2.00D5FF.55.2.00D5FF.55.50.20.20.50.50.50_fj8.0.30_fd16.1.22.F1AD9D.A6253E_fe74.59_ff0000000000_fg1.41.56.0.0.1.-46.0_fi1.29.21.7.7_pa0.0.0.0.40.50.77.85.0.0_t0126.61.2.0.5.15.345.639.522.0.500_pb_pc_pd_pe_ga0_gb1_gc11.0_ge0000000000_gh_gf_gg_gd000000_ha88.88_hb36.0.9.99_hc0.88.93.0.60.18_hd38.1.11.0.2_ad0.0.0.0.0.0.0.0.0.0_ae0.3.3.0.0_ia_if_ib0.55.55.55.0.0.0.1.5.0.0.5.0.0.2_id_ic5.25.25.56.0_jc_ie_ja_jb_jd_je_jf_jg_ka6.0.0.0.0_kb6.0.0.0_kc_kd_ke_kf_la_lb_oa_os_ob_oc_od_oe_of3.3.43.0.0_lc_m0012.3.3.0.1.3.59.10.47.78.1.61.56.500_n00_s00_og_oh_oo_op_oq_or_om_on_ok_ol_oi_oj_f00
4,thinking,,40,0,0,68**aa6.56.0.21.53.6.76.1.16.30_ab_ac_ba50_bb6.0_bc410.500.8.0.1.0_bd6_be180_bf_bg_ca68.0.11.60.16.21.34.0.0.0.60.80_da2.0.0.100_db_dd9.3.11.50.-30.35_dh1.40.55.44.1_di4_qa_qb_dc7.1.2.2.1.1_eh6.F1AD9D.100_ea9.F1AD9D.C95A63.A6253E.1.0_ec1.30.F1AD9D.C95A63.A6253E.38.57.0_ed42.50.1.1.C95A63.A6253E_ef_eg_r0017.F1AD9D.C95A63.A6253E.1.2.20.14.164.370.538.0.2.500_r0164.F1AD9D.C95A63.A6253E.2.2.22.-29.20.373.493.0.1.500_r0264.F1AD9D.C95A63.A6253E.2.2.100.-17.40.404.564.0.1.500_r0363.F1AD9D.C95A63.A6253E.2.2.47.47.184.502.595.0.1.500_r040.FFF2E0.FFF2E0.56.1.2.0.50.247.535.564.0.0.500_r050.FFF2E0.FFF2E0.56.1.2.20.100.264.466.582.0.0.500_fa2.36.50.50.10.56.56_fb7_fh1_fc2.00D5FF.55.2.00D5FF.55.50.20.20.50.50.50_fj8.0.30_fd16.1.22.F1AD9D.A6253E_fe74.59_ff0000000000_fg1.41.56.0.0.1.-46.0_fi1.29.21.7.7_pa0.0.0.0.40.50.77.85.0.0_t0126.61.2.0.5.15.345.639.522.0.500_pb_pc_pd_pe_ga0_gb1_gc11.0_ge0000000000_gh_gf_gg_gd000000_ha88.88_hb36.0.9.99_hc0.88.93.0.60.18_hd38.1.11.0.2_ad0.0.0.0.0.0.0.0.0.0_ae0.3.3.0.0_ia_if_ib_id_ic5.25.25.56.0_jc_ie_ja_jb_jd_je_jf_jg_ka6.0.0.0.0_kb6.0.0.0_kc_kd_ke_kf_la_lb_oa_os_ob_oc_od_oe_of_lc_m0012.3.3.0.1.3.59.10.47.78.1.61.56.500_n00_s00_og_oh_oo_op_oq_or_om_on_ok_ol_oi_oj_f00
5,thinking,,55,0,0,68**aa6.56.0.21.53.6.76.1.16.30_ab_ac_ba50_bb6.0_bc410.500.8.0.1.0_bd6_be180_bf_bg_ca68.0.11.60.16.21.34.0.0.0.60.80_da2.0.0.100_db_dd9.3.11.50.-30.35_dh1.40.55.44.1_di4_qa_qb_dc7.1.2.2.1.1_eh6.F1AD9D.100_ea9.F1AD9D.C95A63.A6253E.1.0_ec1.30.F1AD9D.C95A63.A6253E.38.57.0_ed42.50.1.1.C95A63.A6253E_ef_eg_r0017.F1AD9D.C95A63.A6253E.1.2.20.14.164.370.538.0.2.500_r0164.F1AD9D.C95A63.A6253E.2.2.22.-29.20.373.493.0.1.500_r0264.F1AD9D.C95A63.A6253E.2.2.100.-17.40.404.564.0.1.500_r0363.F1AD9D.C95A63.A6253E.2.2.47.47.184.502.595.0.1.500_r040.FFF2E0.FFF2E0.56.1.2.0.50.247.535.564.0.0.500_r050.FFF2E0.FFF2E0.56.1.2.20.100.264.466.582.0.0.500_fa2.36.50.50.10.56.56_fb7_fh1_fc2.00D5FF.55.2.00D5FF.55.50.20.20.50.50.50_fj8.0.30_fd16.1.22.F1AD9D.A6253E_fe74.59_ff0000000000_fg1.41.56.0.0.1.-46.0_fi1.29.21.7.7_pa0.0.0.0.40.50.77.85.0.0_t0126.61.2.0.5.15.345.639.522.0.500_pb_pc_pd_pe_ga0_gb1_gc11.0_ge0000000000_gh_gf_gg_gd000000_ha88.88_hb36.0.9.99_hc0.88.93.0.60.18_hd38.1.11.0.2_ad0.0.0.0.0.0.0.0.0.0_ae0.3.3.0.0_ia_if_ib_id_ic_jc_ie_ja_jb_jd_je_jf_jg_ka6.0.0.0.0_kb6.0.0.0_kc_kd_ke_kf_la_lb_oa_os_ob_oc_od_oe_of_lc_m0012.3.3.0.1.3.59.10.47.78.1.61.56.500_n00_s00_og_oh_oo_op_oq_or_om_on_ok_ol_oi_oj_f00
,,,,,,
0,sad,,0,0,0,68**aa6.80.1.16.25.6.80.1.16.25_ab_ac_ba43_bb5.0_bc410.500.20.0.1.0_bd0_be183_bf_bg_ca68.0.11.60.16.21.34.0.0.0.60.80_da2.0.0.100_db_dd9.3.11.50.-30.35_dh1.40.55.44.1_di4_qa_qb_dc7.1.2.2.1.1_eh6.F1AD9D.100_ea9.F1AD9D.C95A63.A6253E.1.0_ec1.30.F1AD9D.C95A63.A6253E.38.57.0_ed42.50.1.1.C95A63.A6253E_ef_eg_r0017.F1AD9D.C95A63.A6253E.1.2.20.14.164.370.538.0.2.500_r0164.F1AD9D.C95A63.A6253E.2.2.22.-29.20.373.493.0.1.500_r0264.F1AD9D.C95A63.A6253E.2.2.100.-17.40.404.564.0.1.500_r0363.F1AD9D.C95A63.A6253E.2.2.47.47.184.502.595.0.1.500_r040.FFF2E0.FFF2E0.56.1.2.0.50.247.535.564.0.0.500_r050.FFF2E0.FFF2E0.56.1.2.20.100.264.466.582.0.0.500_fa2.36.50.50.10.56.56_fb7_fh1_fc2.00D5FF.55.2.00D5FF.55.50.20.20.50.50.50_fj8.0.30_fd16.1.22.F1AD9D.A6253E_fe74.59_ff0000000000_fg1.41.56.0.0.1.-46.0_fi1.29.21.7.7_pa0.0.0.0.40.50.77.85.0.0_t0126.61.2.0.5.15.345.639.497.0.500_pb_pc_pd_pe_ga0_gb1_gc11.0_ge0000000000_gh_gf_gg_gd000000_ha66.66_hb78.0.0.99_hc0.88.23.0.88.23_hd7.1.97.34.2_ad0.0.0.0.0.0.0.0.0.0_ae0.3.3.0.0_ia1.B1837F.43.B1837F.1.8.0.0.8.0.0_if5.97553F.97553F.0.1.0.0.0.0.0.0.0.0.2_ib0.55.55.55.0.0.0.1.5.38.55.5.38.55.2_id_ic5.25.25.57.0_jc_ie_ja11.55.2.0_jb11.55.2.0_jd4.19.55.57_je4.19.55.57_jf_jg_ka6.0.0.0.0_kb6.0.0.0_kc_kd_ke_kf_la_lb_oa_os_ob_oc_od_oe_of3.3.0.0.0_lc_m0012.3.55.0.1.3.59.10.47.78.1.61.56.500_n00_s00_og_oh_oo_op_oq_or_om_on_ok_ol_oi_oj_f00
1,sad,,0,0,0,68**aa6.80.1.16.25.6.80.1.16.25_ab_ac_ba43_bb5.0_bc410.500.8.0.1.0_bd0_be183_bf_bg_ca68.0.11.60.16.21.34.0.0.0.60.80_da2.0.0.100_db_dd9.3.11.50.-30.35_dh1.40.55.44.1_di4_qa_qb_dc7.1.2.2.1.1_eh6.F1AD9D.100_ea9.F1AD9D.C95A63.A6253E.1.0_ec1.30.F1AD9D.C95A63.A6253E.38.57.0_ed42.50.1.1.C95A63.A6253E_ef_eg_r0017.F1AD9D.C95A63.A6253E.1.2.20.14.164.370.538.0.2.500_r0164.F1AD9D.C95A63.A6253E.2.2.22.-29.20.373.493.0.1.500_r0264.F1AD9D.C95A63.A6253E.2.2.100.-17.40.404.564.0.1.500_r0363.F1AD9D.C95A63.A6253E.2.2.47.47.184.502.595.0.1.500_r040.FFF2E0.FFF2E0.56.1.2.0.50.247.535.564.0.0.500_r050.FFF2E0.FFF2E0.56.1.2.20.100.264.466.582.0.0.500_fa2.36.50.50.10.56.56_fb7_fh1_fc2.00D5FF.55.2.00D5FF.55.50.20.20.50.50.50_fj8.0.30_fd16.1.22.F1AD9D.A6253E_fe74.59_ff0000000000_fg1.41.56.0.0.1.-46.0_fi1.29.21.7.7_pa0.0.0.0.40.50.77.85.0.0_t0126.61.2.0.5.15.345.639.497.0.500_pb_pc_pd_pe_ga0_gb1_gc11.0_ge0000000000_gh_gf_gg_gd000000_ha66.66_hb78.0.0.99_hc0.88.23.0.88.23_hd7.1.97.34.2_ad0.0.0.0.0.0.0.0.0.0_ae0.3.3.0.0_ia_if5.97553F.97553F.49.1.0.0.0.0.0.0.0.0.2_ib0.55.55.55.0.0.0.1.5.0.0.5.0.0.2_id_ic5.25.25.56.0_jc_ie_ja11.55.2.0_jb11.55.2.0_jd4.19.55.57_je4.19.55.57_jf_jg_ka6.0.0.0.0_kb6.0.0.0_kc_kd_ke_kf_la_lb_oa_os_ob_oc_od_oe_of3.3.43.0.0_lc_m0012.3.3.0.1.3.59.10.47.78.1.61.56.500_n00_s00_og_oh_oo_op_oq_or_om_on_ok_ol_oi_oj_f00
2,sad,,20,0,0,68**aa6.80.1.16.25.6.80.1.16.25_ab_ac_ba43_bb5.0_bc410.500.8.0.1.0_bd0_be183_bf_bg_ca68.0.11.60.16.21.34.0.0.0.60.80_da2.0.0.100_db_dd9.3.11.50.-30.35_dh1.40.55.44.1_di4_qa_qb_dc7.1.2.2.1.1_eh6.F1AD9D.100_ea9.F1AD9D.C95A63.A6253E.1.0_ec1.30.F1AD9D.C95A63.A6253E.38.57.0_ed42.50.1.1.C95A63.A6253E_ef_eg_r0017.F1AD9D.C95A63.A6253E.1.2.20.14.164.370.538.0.2.500_r0164.F1AD9D.C95A63.A6253E.2.2.22.-29.20.373.493.0.1.500_r0264.F1AD9D.C95A63.A6253E.2.2.100.-17.40.404.564.0.1.500_r0363.F1AD9D.C95A63.A6253E.2.2.47.47.184.502.595.0.1.500_r040.FFF2E0.FFF2E0.56.1.2.0.50.247.535.564.0.0.500_r050.FFF2E0.FFF2E0.56.1.2.20.100.264.466.582.0.0.500_fa2.36.50.50.10.56.56_fb7_fh1_fc2.00D5FF.55.2.00D5FF.55.50.20.20.50.50.50_fj8.0.30_fd16.1.22.F1AD9D.A6253E_fe74.59_ff0000000000_fg1.41.56.0.0.1.-46.0_fi1.29.21.7.7_pa0.0.0.0.40.50.77.85.0.0_t0126.61.2.0.5.15.345.639.497.0.500_pb_pc_pd_pe_ga0_gb1_gc11.0_ge0000000000_gh_gf_gg_gd000000_ha66.66_hb78.0.0.99_hc0.88.23.0.88.23_hd7.1.97.34.2_ad0.0.0.0.0.0.0.0.0.0_ae0.3.3.0.0_ia_if_ib0.55.55.55.0.0.0.1.5.0.0.5.0.0.2_id_ic5.25.25.56.0_jc_ie_ja11.55.2.0_jb11.55.2.0_jd4.19.55.57_je4.19.55.57_jf_jg_ka6.0.0.0.0_kb6.0.0.0_kc_kd_ke_kf_la_lb_oa_os_ob_oc_od_oe_of3.3.43.0.0_lc_m0012.3.3.0.1.3.59.10.47.78.1.61.56.500_n00_s00_og_oh_oo_op_oq_or_om_on_ok_ol_oi_oj_f00
3,sad,,20,0,0,68**aa6.66.1.16.24.6.66.1.16.24_ab_ac_ba43_bb5.0_bc410.500.8.0.1.0_bd0_be183_bf_bg_ca68.0.11.60.16.21.34.0.0.0.60.80_da2.0.0.100_db_dd9.3.11.50.-30.35_dh1.40.55.44.1_di4_qa_qb_dc7.1.2.2.1.1_eh6.F1AD9D.100_ea9.F1AD9D.C95A63.A6253E.1.0_ec1.30.F1AD9D.C95A63.A6253E.38.57.0_ed42.50.1.1.C95A63.A6253E_ef_eg_r0017.F1AD9D.C95A63.A6253E.1.2.20.14.164.370.538.0.2.500_r0164.F1AD9D.C95A63.A6253E.2.2.22.-29.20.373.493.0.1.500_r0264.F1AD9D.C95A63.A6253E.2.2.100.-17.40.404.564.0.1.500_r0363.F1AD9D.C95A63.A6253E.2.2.47.47.184.502.595.0.1.500_r040.FFF2E0.FFF2E0.56.1.2.0.50.247.535.564.0.0.500_r050.FFF2E0.FFF2E0.56.1.2.20.100.264.466.582.0.0.500_fa2.36.50.50.10.56.56_fb7_fh1_fc2.00D5FF.55.2.00D5FF.55.50.20.20.50.50.50_fj8.0.30_fd16.1.22.F1AD9D.A6253E_fe74.59_ff0000000000_fg1.41.56.0.0.1.-46.0_fi1.29.21.7.7_pa0.0.0.0.40.50.77.85.0.0_t0126.61.2.0.5.15.345.639.497.0.500_pb_pc_pd_pe_ga0_gb1_gc11.0_ge0000000000_gh_gf_gg_gd000000_ha66.66_hb0.1.0.99_hc0.88.23.0.88.23_hd7.1.97.34.2_ad0.0.0.0.0.0.0.0.0.0_ae0.3.3.0.0_ia_if_ib0.55.55.55.0.0.0.1.5.0.0.5.0.0.2_id_ic5.25.25.56.0_jc_ie_ja_jb_jd_je_jf_jg_ka6.0.0.0.0_kb6.0.0.0_kc_kd_ke_kf_la_lb_oa_os_ob_oc_od_oe_of3.3.43.0.0_lc_m0012.3.3.0.1.3.59.10.47.78.1.61.56.500_n00_s00_og_oh_oo_op_oq_or_om_on_ok_ol_oi_oj_f00
4,sad,,40,0,0,68**aa6.66.1.16.24.6.66.1.16.24_ab_ac_ba43_bb5.0_bc410.500.8.0.1.0_bd0_be183_bf_bg_ca68.0.11.60.16.21.34.0.0.0.60.80_da2.0.0.100_db_dd9.3.11.50.-30.35_dh1.40.55.44.1_di4_qa_qb_dc7.1.2.2.1.1_eh6.F1AD9D.100_ea9.F1AD9D.C95A63.A6253E.1.0_ec1.30.F1AD9D.C95A63.A6253E.38.57.0_ed42.50.1.1.C95A63.A6253E_ef_eg_r0017.F1AD9D.C95A63.A6253E.1.2.20.14.164.370.538.0.2.500_r0164.F1AD9D.C95A63.A6253E.2.2.22.-29.20.373.493.0.1.500_r0264.F1AD9D.C95A63.A6253E.2.2.100.-17.40.404.564.0.1.500_r0363.F1AD9D.C95A63.A6253E.2.2.47.47.184.502.595.0.1.500_r040.FFF2E0.FFF2E0.56.1.2.0.50.247.535.564.0.0.500_r050.FFF2E0.FFF2E0.56.1.2.20.100.264.466.582.0.0.500_fa2.36.50.50.10.56.56_fb7_fh1_fc2.00D5FF.55.2.00D5FF.55.50.20.20.50.50.50_fj8.0.30_fd16.1.22.F1AD9D.A6253E_fe74.59_ff0000000000_fg1.41.56.0.0.1.-46.0_fi1.29.21.7.7_pa0.0.0.0.40.50.77.85.0.0_t0126.61.2.0.5.15.345.639.497.0.500_pb_pc_pd_pe_ga0_gb1_gc11.0_ge0000000000_gh_gf_gg_gd000000_ha66.66_hb0.1.0.99_hc0.88.23.0.88.23_hd7.1.97.34.2_ad0.0.0.0.0.0.0.0.0.0_ae0.3.3.0.0_ia_if_ib_id_ic5.25.25.56.0_jc_ie_ja_jb_jd_je_jf_jg_ka6.0.0.0.0_kb6.0.0.0_kc_kd_ke_kf_la_lb_oa_os_ob_oc_od_oe_of_lc_m0012.3.3.0.1.3.59.10.47.78.1.61.56.500_n00_s00_og_oh_oo_op_oq_or_om_on_ok_ol_oi_oj_f00
5,sad,,55,0,0,68**aa6.66.1.16.24.6.66.1.16.24_ab_ac_ba43_bb5.0_bc410.500.8.0.1.0_bd0_be183_bf_bg_ca68.0.11.60.16.21.34.0.0.0.60.80_da2.0.0.100_db_dd9.3.11.50.-30.35_dh1.40.55.44.1_di4_qa_qb_dc7.1.2.2.1.1_eh6.F1AD9D.100_ea9.F1AD9D.C95A63.A6253E.1.0_ec1.30.F1AD9D.C95A63.A6253E.38.57.0_ed42.50.1.1.C95A63.A6253E_ef_eg_r0017.F1AD9D.C95A63.A6253E.1.2.20.14.164.370.538.0.2.500_r0164.F1AD9D.C95A63.A6253E.2.2.22.-29.20.373.493.0.1.500_r0264.F1AD9D.C95A63.A6253E.2.2.100.-17.40.404.564.0.1.500_r0363.F1AD9D.C95A63.A6253E.2.2.47.47.184.502.595.0.1.500_r040.FFF2E0.FFF2E0.56.1.2.0.50.247.535.564.0.0.500_r050.FFF2E0.FFF2E0.56.1.2.20.100.264.466.582.0.0.500_fa2.36.50.50.10.56.56_fb7_fh1_fc2.00D5FF.55.2.00D5FF.55.50.20.20.50.50.50_fj8.0.30_fd16.1.22.F1AD9D.A6253E_fe74.59_ff0000000000_fg1.41.56.0.0.1.-46.0_fi1.29.21.7.7_pa0.0.0.0.40.50.77.85.0.0_t0126.61.2.0.5.15.345.639.497.0.500_pb_pc_pd_pe_ga0_gb1_gc11.0_ge0000000000_gh_gf_gg_gd000000_ha66.66_hb0.1.0.99_hc0.88.23.0.88.23_hd7.1.97.34.2_ad0.0.0.0.0.0.0.0.0.0_ae0.3.3.0.0_ia_if_ib_id_ic_jc_ie_ja_jb_jd_je_jf_jg_ka6.0.0.0.0_kb6.0.0.0_kc_kd_ke_kf_la_lb_oa_os_ob_oc_od_oe_of_lc_m0012.3.3.0.1.3.59.10.47.78.1.61.56.500_n00_s00_og_oh_oo_op_oq_or_om_on_ok_ol_oi_oj_f00
,,,,,,
0,excited,,0,0,0,68**aa10.42.0.29.50.91.3.0.29.50_ab_ac_ba59_bb4.0_bc410.500.20.0.1.0_bd50_be185_bf_bg_ca68.0.11.60.16.21.34.0.0.0.60.80_da2.0.0.100_db_dd9.3.11.50.-30.35_dh1.40.55.44.1_di4_qa_qb_dc7.1.2.2.1.1_eh6.F1AD9D.100_ea9.F1AD9D.C95A63.A6253E.1.0_ec1.30.F1AD9D.C95A63.A6253E.38.57.0_ed42.50.1.1.C95A63.A6253E_ef_eg_r0017.F1AD9D.C95A63.A6253E.1.2.20.14.164.370.538.0.2.500_r0164.F1AD9D.C95A63.A6253E.2.2.22.-29.20.373.493.0.1.500_r0264.F1AD9D.C95A63.A6253E.2.2.100.-17.40.404.564.0.1.500_r0363.F1AD9D.C95A63.A6253E.2.2.47.47.184.502.595.0.1.500_r040.FFF2E0.FFF2E0.56.1.2.0.50.247.535.564.0.0.500_r050.FFF2E0.FFF2E0.56.1.2.20.100.264.466.582.0.0.500_fa2.36.50.50.10.56.56_fb7_fh1_fc2.00D5FF.55.2.00D5FF.55.50.20.20.50.50.50_fj8.0.30_fd16.1.22.F1AD9D.A6253E_fe74.59_ff0000000000_fg1.41.56.0.0.1.-46.0_fi1.29.21.7.7_pa0.0.0.0.40.50.77.85.0.0_t00_pb_pc_pd_pe_ga0_gb1_gc11.0_ge0000000000_gh_gf_gg_gd000000_ha0.0_hb49.1.44.99_hc0.50.52.0.50.52_hd23.1.33.43.2_ad0.0.0.0.0.0.0.0.0.0_ae1.0.0.0.0_ia1.B1837F.43.B1837F.1.8.0.0.8.0.0_if5.97553F.97553F.0.1.0.0.0.0.0.0.0.0.2_ib0.55.55.55.0.0.0.1.5.38.55.5.38.55.2_id_ic5.25.25.57.0_jc_ie_ja11.55.2.0_jb11.55.2.0_jd4.19.55.57_je4.19.55.57_jf_jg_ka6.0.0.0.0_kb6.0.0.0_kc_kd_ke_kf_la_lb_oa_os_ob_oc_od_oe_of3.3.0.0.0_lc_m0012.3.55.0.1.3.59.10.47.78.1.61.56.500_n00_s00_og_oh_oo_op_oq_or_om_on_ok_ol_oi_oj_f00
1,excited,,0,0,0,68**aa10.42.0.29.50.91.3.0.29.50_ab_ac_ba59_bb4.0_bc410.500.8.0.1.0_bd50_be185_bf_bg_ca68.0.11.60.16.21.34.0.0.0.60.80_da2.0.0.100_db_dd9.3.11.50.-30.35_dh1.40.55.44.1_di4_qa_qb_dc7.1.2.2.1.1_eh6.F1AD9D.100_ea9.F1AD9D.C95A63.A6253E.1.0_ec1.30.F1AD9D.C95A63.A6253E.38.57.0_ed42.50.1.1.C95A63.A6253E_ef_eg_r0017.F1AD9D.C95A63.A6253E.1.2.20.14.164.370.538.0.2.500_r0164.F1AD9D.C95A63.A6253E.2.2.22.-29.20.373.493.0.1.500_r0264.F1AD9D.C95A63.A6253E.2.2.100.-17.40.404.564.0.1.500_r0363.F1AD9D.C95A63.A6253E.2.2.47.47.184.502.595.0.1.500_r040.FFF2E0.FFF2E0.56.1.2.0.50.247.535.564.0.0.500_r050.FFF2E0.FFF2E0.56.1.2.20.100.264.466.582.0.0.500_fa2.36.50.50.10.56.56_fb7_fh1_fc2.00D5FF.55.2.00D5FF.55.50.20.20.50.50.50_fj8.0.30_fd16.1.22.F1AD9D.A6253E_fe74.59_ff0000000000_fg1.41.56.0.0.1.-46.0_fi1.29.21.7.7_pa0.0.0.0.40.50.77.85.0.0_t00_pb_pc_pd_pe_ga0_gb1_gc11.0_ge0000000000_gh_gf_gg_gd000000_ha0.0_hb49.1.44.99_hc0.50.52.0.50.52_hd23.1.33.43.2_ad0.0.0.0.0.0.0.0.0.0_ae1.0.0.0.0_ia_if5.97553F.97553F.49.1.0.0.0.0.0.0.0.0.2_ib0.55.55.55.0.0.0.1.5.0.0.5.0.0.2_id_ic5.25.25.56.0_jc_ie_ja11.55.2.0_jb11.55.2.0_jd4.19.55.57_je4.19.55.57_jf_jg_ka6.0.0.0.0_kb6.0.0.0_kc_kd_ke_kf_la_lb_oa_os_ob_oc_od_oe_of3.3.43.0.0_lc_m0012.3.3.0.1.3.59.10.47.78.1.61.56.500_n00_s00_og_oh_oo_op_oq_or_om_on_ok_ol_oi_oj_f00
2,excited,,20,0,0,68**aa10.42.0.29.50.91.3.0.29.50_ab_ac_ba59_bb4.0_bc410.500.8.0.1.0_bd50_be185_bf_bg_ca68.0.11.60.16.21.34.0.0.0.60.80_da2.0.0.100_db_dd9.3.11.50.-30.35_dh1.40.55.44.1_di4_qa_qb_dc7.1.2.2.1.1_eh6.F1AD9D.100_ea9.F1AD9D.C95A63.A6253E.1.0_ec1.30.F1AD9D.C95A63.A6253E.38.57.0_ed42.50.1.1.C95A63.A6253E_ef_eg_r0017.F1AD9D.C95A63.A6253E.1.2.20.14.164.370.538.0.2.500_r0164.F1AD9D.C95A63.A6253E.2.2.22.-29.20.373.493.0.1.500_r0264.F1AD9D.C95A63.A6253E.2.2.100.-17.40.404.564.0.1.500_r0363.F1AD9D.C95A63.A6253E.2.2.47.47.184.502.595.0.1.500_r040.FFF2E0.FFF2E0.56.1.2.0.50.247.535.564.0.0.500_r050.FFF2E0.FFF2E0.56.1.2.20.100.264.466.582.0.0.500_fa2.36.50.50.10.56.56_fb7_fh1_fc2.00D5FF.55.2.00D5FF.55.50.20.20.50.50.50_fj8.0.30_fd16.1.22.F1AD9D.A6253E_fe74.59_ff0000000000_fg1.41.56.0.0.1.-46.0_fi1.29.21.7.7_pa0.0.0.0.40.50.77.85.0.0_t00_pb_pc_pd_pe_ga0_gb1_gc11.0_ge0000000000_gh_gf_gg_gd000000_ha0.0_hb49.1.44.99_hc0.50.52.0.50.52_hd23.1.33.43.2_ad0.0.0.0.0.0.0.0.0.0_ae1.0.0.0.0_ia_if_ib0.55.55.55.0.0.0.1.5.0.0.5.0.0.2_id_ic5.25.25.56.0_jc_ie_ja11.55.2.0_jb11.55.2.0_jd4.19.55.57_je4.19.55.57_jf_jg_ka6.0.0.0.0_kb6.0.0.0_kc_kd_ke_kf_la_lb_oa_os_ob_oc_od_oe_of3.3.43.0.0_lc_m0012.3.3.0.1.3.59.10.47.78.1.61.56.500_n00_s00_og_oh_oo_op_oq_or_om_on_ok_ol_oi_oj_f00
3,excited,,20,0,0,68**aa81.0.0.39.50.63.5.0.40.50_ab_ac_ba59_bb6.0_bc410.500.8.0.1.0_bd49_be185_bf_bg_ca68.0.11.60.16.21.34.0.0.0.60.80_da2.0.0.100_db_dd9.3.11.50.-30.35_dh1.40.55.44.1_di4_qa_qb_dc7.1.2.2.1.1_eh6.F1AD9D.100_ea9.F1AD9D.C95A63.A6253E.1.0_ec1.30.F1AD9D.C95A63.A6253E.38.57.0_ed42.50.1.1.C95A63.A6253E_ef_eg_r0017.F1AD9D.C95A63.A6253E.1.2.20.14.164.370.538.0.2.500_r0164.F1AD9D.C95A63.A6253E.2.2.22.-29.20.373.493.0.1.500_r0264.F1AD9D.C95A63.A6253E.2.2.100.-17.40.404.564.0.1.500_r0363.F1AD9D.C95A63.A6253E.2.2.47.47.184.502.595.0.1.500_r040.FFF2E0.FFF2E0.56.1.2.0.50.247.535.564.0.0.500_r050.FFF2E0.FFF2E0.56.1.2.20.100.264.466.582.0.0.500_fa2.36.50.50.10.56.56_fb7_fh1_fc2.00D5FF.55.2.00D5FF.55.50.20.20.50.50.50_fj8.0.30_fd16.1.22.F1AD9D.A6253E_fe74.59_ff0000000000_fg1.41.56.0.0.1.-46.0_fi1.29.21.7.7_pa0.0.0.0.40.50.77.85.0.0_t00_pb_pc_pd_pe_ga0_gb1_gc11.0_ge0000000000_gh_gf_gg_gd000000_ha0.0_hb49.1.44.99_hc0.50.52.0.50.52_hd23.1.33.43.2_ad0.0.0.0.0.0.0.0.0.0_ae1.0.0.0.0_ia_if_ib0.55.55.55.0.0.0.1.5.0.0.5.0.0.2_id_ic5.25.25.56.0_jc_ie_ja_jb_jd_je_jf_jg_ka6.0.0.0.0_kb6.0.0.0_kc_kd_ke_kf_la_lb_oa_os_ob_oc_od_oe_of3.3.43.0.0_lc_m0012.3.3.0.1.3.59.10.47.78.1.61.56.500_n00_s00_og_oh_oo_op_oq_or_om_on_ok_ol_oi_oj_f00
4,excited,,40,0,0,68**aa81.0.0.39.50.63.5.0.40.50_ab_ac_ba59_bb6.0_bc410.500.8.0.1.0_bd49_be185_bf_bg_ca68.0.11.60.16.21.34.0.0.0.60.80_da2.0.0.100_db_dd9.3.11.50.-30.35_dh1.40.55.44.1_di4_qa_qb_dc7.1.2.2.1.1_eh6.F1AD9D.100_ea9.F1AD9D.C95A63.A6253E.1.0_ec1.30.F1AD9D.C95A63.A6253E.38.57.0_ed42.50.1.1.C95A63.A6253E_ef_eg_r0017.F1AD9D.C95A63.A6253E.1.2.20.14.164.370.538.0.2.500_r0164.F1AD9D.C95A63.A6253E.2.2.22.-29.20.373.493.0.1.500_r0264.F1AD9D.C95A63.A6253E.2.2.100.-17.40.404.564.0.1.500_r0363.F1AD9D.C95A63.A6253E.2.2.47.47.184.502.595.0.1.500_r040.FFF2E0.FFF2E0.56.1.2.0.50.247.535.564.0.0.500_r050.FFF2E0.FFF2E0.56.1.2.20.100.264.466.582.0.0.500_fa2.36.50.50.10.56.56_fb7_fh1_fc2.00D5FF.55.2.00D5FF.55.50.20.20.50.50.50_fj8.0.30_fd16.1.22.F1AD9D.A6253E_fe74.59_ff0000000000_fg1.41.56.0.0.1.-46.0_fi1.29.21.7.7_pa0.0.0.0.40.50.77.85.0.0_t00_pb_pc_pd_pe_ga0_gb1_gc11.0_ge0000000000_gh_gf_gg_gd000000_ha0.0_hb49.1.44.99_hc0.50.52.0.50.52_hd23.1.33.43.2_ad0.0.0.0.0.0.0.0.0.0_ae1.0.0.0.0_ia_if_ib_id_ic5.25.25.56.0_jc_ie_ja_jb_jd_je_jf_jg_ka6.0.0.0.0_kb6.0.0.0_kc_kd_ke_kf_la_lb_oa_os_ob_oc_od_oe_of_lc_m0012.3.3.0.1.3.59.10.47.78.1.61.56.500_n00_s00_og_oh_oo_op_oq_or_om_on_ok_ol_oi_oj_f00
5,excited,,55,0,0,68**aa81.0.0.39.50.63.5.0.40.50_ab_ac_ba59_bb6.0_bc410.500.8.0.1.0_bd49_be185_bf_bg_ca68.0.11.60.16.21.34.0.0.0.60.80_da2.0.0.100_db_dd9.3.11.50.-30.35_dh1.40.55.44.1_di4_qa_qb_dc7.1.2.2.1.1_eh6.F1AD9D.100_ea9.F1AD9D.C95A63.A6253E.1.0_ec1.30.F1AD9D.C95A63.A6253E.38.57.0_ed42.50.1.1.C95A63.A6253E_ef_eg_r0017.F1AD9D.C95A63.A6253E.1.2.20.14.164.370.538.0.2.500_r0164.F1AD9D.C95A63.A6253E.2.2.22.-29.20.373.493.0.1.500_r0264.F1AD9D.C95A63.A6253E.2.2.100.-17.40.404.564.0.1.500_r0363.F1AD9D.C95A63.A6253E.2.2.47.47.184.502.595.0.1.500_r040.FFF2E0.FFF2E0.56.1.2.0.50.247.535.564.0.0.500_r050.FFF2E0.FFF2E0.56.1.2.20.100.264.466.582.0.0.500_fa2.36.50.50.10.56.56_fb7_fh1_fc2.00D5FF.55.2.00D5FF.55.50.20.20.50.50.50_fj8.0.30_fd16.1.22.F1AD9D.A6253E_fe74.59_ff0000000000_fg1.41.56.0.0.1.-46.0_fi1.29.21.7.7_pa0.0.0.0.40.50.77.85.0.0_t00_pb_pc_pd_pe_ga0_gb1_gc11.0_ge0000000000_gh_gf_gg_gd000000_ha0.0_hb49.1.44.99_hc0.50.52.0.50.52_hd23.1.33.43.2_ad0.0.0.0.0.0.0.0.0.0_ae1.0.0.0.0_ia_if_ib_id_ic_jc_ie_ja_jb_jd_je_jf_jg_ka6.0.0.0.0_kb6.0.0.0_kc_kd_ke_kf_la_lb_oa_os_ob_oc_od_oe_of_lc_m0012.3.3.0.1.3.59.10.47.78.1.61.56.500_n00_s00_og_oh_oo_op_oq_or_om_on_ok_ol_oi_oj_f00
,,,,,,
0,angry,,0,0,0,68**aa9.4.1.3.40.7.3.1.3.47_ab_ac_ba50_bb5.0_bc410.500.8.0.1.0_bd5_be180_bf_bg_ca68.0.11.60.16.21.34.0.0.0.60.80_da2.0.0.100_db_dd9.3.11.50.-30.35_dh1.40.55.44.1_di4_qa_qb_dc7.1.2.2.1.1_eh6.f1ad9d.100_ea9.f1ad9d.C95A63.A6253E.1.0_ec1.30.f1ad9d.C95A63.A6253E.38.57.0_ed42.50.1.1.C95A63.A6253E_ef_eg_r0017.f1ad9d.C95A63.A6253E.1.2.20.14.164.370.538.0.2.500_r0164.f1ad9d.C95A63.A6253E.2.2.22.-29.20.373.493.0.1.500_r0264.f1ad9d.C95A63.A6253E.2.2.100.-17.40.404.564.0.1.500_r0363.f1ad9d.C95A63.A6253E.2.2.47.47.184.502.595.0.1.500_r040.f1ad9d.FFF2E0.56.1.2.0.50.247.535.564.0.0.500_r050.f1ad9d.FFF2E0.56.1.2.20.100.264.466.582.0.0.500_fa2.36.50.50.10.56.56_fb7_fh1_fc2.00D5FF.55.2.00D5FF.55.50.20.20.50.50.50_fj8.0.30_fd16.1.22.f1ad9d.A6253E_fe74.59_ff0000000000_fg1.41.56.0.0.1.-46.0_fi1.29.21.7.7_pa0.0.0.0.40.50.77.85.0.0_t0126.61.2.0.5.15.345.639.522.0.500_pb_pc_pd_pe_ga0_gb1_gc11.0_ge0000000000_gh_gf_gg_gd000000_ha87.87_hb49.1.44.99_hc1.69.26.1.69.26_hd38.1.40.9.2_ad0.0.0.0.0.0.0.0.0.0_ae1.0.0.0.0_ia1.B1837F.43.B1837F.1.8.0.0.8.0.0_if5.97553F.97553F.49.1.0.0.0.0.0.0.0.0.2_ib0.55.55.55.0.0.0.1.5.0.0.5.0.0.2_id_ic5.25.25.56.0_jc_ie_ja11.55.2.0_jb11.55.2.0_jd4.19.55.57_je4.19.55.57_jf_jg_ka6.0.0.0.0_kb6.0.0.0_kc_kd_ke_kf_la_lb_oa_os_ob_oc_od_oe_of3.3.43.0.0_lc_m0012.3.3.0.1.3.59.10.47.78.1.61.56.500_n00_s00_og_oh_oo_op_oq_or_om_on_ok_ol_oi_oj_f00
1,angry,,0,0,0,68**aa9.4.1.3.40.7.3.1.3.47_ab_ac_ba50_bb5.0_bc410.500.8.0.1.0_bd5_be180_bf_bg_ca68.0.11.60.16.21.34.0.0.0.60.80_da2.0.0.100_db_dd9.3.11.50.-30.35_dh1.40.55.44.1_di4_qa_qb_dc7.1.2.2.1.1_eh6.f1ad9d.100_ea9.f1ad9d.C95A63.A6253E.1.0_ec1.30.f1ad9d.C95A63.A6253E.38.57.0_ed42.50.1.1.C95A63.A6253E_ef_eg_r0017.f1ad9d.C95A63.A6253E.1.2.20.14.164.370.538.0.2.500_r0164.f1ad9d.C95A63.A6253E.2.2.22.-29.20.373.493.0.1.500_r0264.f1ad9d.C95A63.A6253E.2.2.100.-17.40.404.564.0.1.500_r0363.f1ad9d.C95A63.A6253E.2.2.47.47.184.502.595.0.1.500_r040.f1ad9d.FFF2E0.56.1.2.0.50.247.535.564.0.0.500_r050.f1ad9d.FFF2E0.56.1.2.20.100.264.466.582.0.0.500_fa2.36.50.50.10.56.56_fb7_fh1_fc2.00D5FF.55.2.00D5FF.55.50.20.20.50.50.50_fj8.0.30_fd16.1.22.f1ad9d.A6253E_fe74.59_ff0000000000_fg1.41.56.0.0.1.-46.0_fi1.29.21.7.7_pa0.0.0.0.40.50.77.85.0.0_t0126.61.2.0.5.15.345.639.522.0.500_pb_pc_pd_pe_ga0_gb1_gc11.0_ge0000000000_gh_gf_gg_gd000000_ha87.87_hb49.1.44.99_hc1.69.26.1.69.26_hd38.1.40.9.2_ad0.0.0.0.0.0.0.0.0.0_ae1.0.0.0.0_ia_if5.97553F.97553F.49.1.0.0.0.0.0.0.0.0.2_ib0.55.55.55.0.0.0.1.5.0.0.5.0.0.2_id_ic5.25.25.56.0_jc_ie_ja11.55.2.0_jb11.55.2.0_jd4.19.55.57_je4.19.55.57_jf_jg_ka6.0.0.0.0_kb6.0.0.0_kc_kd_ke_kf_la_lb_oa_os_ob_oc_od_oe_of3.3.43.0.0_lc_m0012.3.3.0.1.3.59.10.47.78.1.61.56.500_n00_s00_og_oh_oo_op_oq_or_om_on_ok_ol_oi_oj_f00
2,angry,,20,0,0,68**aa9.4.1.3.40.7.3.1.3.47_ab_ac_ba50_bb5.0_bc410.500.8.0.1.0_bd5_be180_bf_bg_ca68.0.11.60.16.21.34.0.0.0.60.80_da2.0.0.100_db_dd9.3.11.50.-30.35_dh1.40.55.44.1_di4_qa_qb_dc7.1.2.2.1.1_eh6.f1ad9d.100_ea9.f1ad9d.C95A63.A6253E.1.0_ec1.30.f1ad9d.C95A63.A6253E.38.57.0_ed42.50.1.1.C95A63.A6253E_ef_eg_r0017.f1ad9d.C95A63.A6253E.1.2.20.14.164.370.538.0.2.500_r0164.f1ad9d.C95A63.A6253E.2.2.22.-29.20.373.493.0.1.500_r0264.f1ad9d.C95A63.A6253E.2.2.100.-17.40.404.564.0.1.500_r0363.f1ad9d.C95A63.A6253E.2.2.47.47.184.502.595.0.1.500_r040.f1ad9d.FFF2E0.56.1.2.0.50.247.535.564.0.0.500_r050.f1ad9d.FFF2E0.56.1.2.20.100.264.466.582.0.0.500_fa2.36.50.50.10.56.56_fb7_fh1_fc2.00D5FF.55.2.00D5FF.55.50.20.20.50.50.50_fj8.0.30_fd16.1.22.f1ad9d.A6253E_fe74.59_ff0000000000_fg1.41.56.0.0.1.-46.0_fi1.29.21.7.7_pa0.0.0.0.40.50.77.85.0.0_t0126.61.2.0.5.15.345.639.522.0.500_pb_pc_pd_pe_ga0_gb1_gc11.0_ge0000000000_gh_gf_gg_gd000000_ha87.87_hb49.1.44.99_hc1.69.26.1.69.26_hd38.1.40.9.2_ad0.0.0.0.0.0.0.0.0.0_ae1.0.0.0.0_ia_if_ib0.55.55.55.0.0.0.1.5.0.0.5.0.0.2_id_ic5.25.25.56.0_jc_ie_ja11.55.2.0_jb11.55.2.0_jd4.19.55.57_je4.19.55.57_jf_jg_ka6.0.0.0.0_kb6.0.0.0_kc_kd_ke_kf_la_lb_oa_os_ob_oc_od_oe_of3.3.43.0.0_lc_m0012.3.3.0.1.3.59.10.47.78.1.61.56.500_n00_s00_og_oh_oo_op_oq_or_om_on_ok_ol_oi_oj_f00
3,angry,,20,0,0,68**aa6.70.1.16.64.6.70.1.16.64_ab_ac_ba50_bb3.0_bc410.500.8.0.1.0_bd3_be180_bf_bg_ca68.0.11.60.16.21.34.0.0.0.60.80_da2.0.0.100_db_dd9.3.11.50.-30.35_dh1.40.55.44.1_di4_qa_qb_dc7.1.2.2.1.1_eh6.f1ad9d.100_ea9.f1ad9d.C95A63.A6253E.1.0_ec1.30.f1ad9d.C95A63.A6253E.38.57.0_ed42.50.1.1.C95A63.A6253E_ef_eg_r0017.f1ad9d.C95A63.A6253E.1.2.20.14.164.370.538.0.2.500_r0164.f1ad9d.C95A63.A6253E.2.2.22.-29.20.373.493.0.1.500_r0264.f1ad9d.C95A63.A6253E.2.2.100.-17.40.404.564.0.1.500_r0363.f1ad9d.C95A63.A6253E.2.2.47.47.184.502.595.0.1.500_r040.f1ad9d.FFF2E0.56.1.2.0.50.247.535.564.0.0.500_r050.f1ad9d.FFF2E0.56.1.2.20.100.264.466.582.0.0.500_fa2.36.50.50.10.56.56_fb7_fh1_fc2.00D5FF.55.2.00D5FF.55.50.20.20.50.50.50_fj8.0.30_fd16.1.22.f1ad9d.A6253E_fe74.59_ff0000000000_fg1.41.56.0.0.1.-46.0_fi1.29.21.7.7_pa0.0.0.0.40.50.77.85.0.0_t0126.61.2.0.5.15.345.639.522.0.500_pb_pc_pd_pe_ga0_gb1_gc11.0_ge0000000000_gh_gf_gg_gd000000_ha87.87_hb49.1.44.99_hc1.69.26.1.69.26_hd38.1.40.9.2_ad0.0.0.0.0.0.0.0.0.0_ae1.0.0.0.0_ia_if_ib0.55.55.55.0.0.0.1.5.0.0.5.0.0.2_id_ic5.25.25.56.0_jc_ie_ja_jb_jd_je_jf_jg_ka6.0.0.0.0_kb6.0.0.0_kc_kd_ke_kf_la_lb_oa_os_ob_oc_od_oe_of3.3.43.0.0_lc_m0012.3.3.0.1.3.59.10.47.78.1.61.56.500_n00_s00_og_oh_oo_op_oq_or_om_on_ok_ol_oi_oj_f00
4,angry,,40,0,0,68**aa6.70.1.16.64.6.70.1.16.64_ab_ac_ba50_bb3.0_bc410.500.8.0.1.0_bd3_be180_bf_bg_ca68.0.11.60.16.21.34.0.0.0.60.80_da2.0.0.100_db_dd9.3.11.50.-30.35_dh1.40.55.44.1_di4_qa_qb_dc7.1.2.2.1.1_eh6.f1ad9d.100_ea9.f1ad9d.C95A63.A6253E.1.0_ec1.30.f1ad9d.C95A63.A6253E.38.57.0_ed42.50.1.1.C95A63.A6253E_ef_eg_r0017.f1ad9d.C95A63.A6253E.1.2.20.14.164.370.538.0.2.500_r0164.f1ad9d.C95A63.A6253E.2.2.22.-29.20.373.493.0.1.500_r0264.f1ad9d.C95A63.A6253E.2.2.100.-17.40.404.564.0.1.500_r0363.f1ad9d.C95A63.A6253E.2.2.47.47.184.502.595.0.1.500_r040.f1ad9d.FFF2E0.56.1.2.0.50.247.535.564.0.0.500_r050.f1ad9d.FFF2E0.56.1.2.20.100.264.466.582.0.0.500_fa2.36.50.50.10.56.56_fb7_fh1_fc2.00D5FF.55.2.00D5FF.55.50.20.20.50.50.50_fj8.0.30_fd16.1.22.f1ad9d.A6253E_fe74.59_ff0000000000_fg1.41.56.0.0.1.-46.0_fi1.29.21.7.7_pa0.0.0.0.40.50.77.85.0.0_t0126.61.2.0.5.15.345.639.522.0.500_pb_pc_pd_pe_ga0_gb1_gc11.0_ge0000000000_gh_gf_gg_gd000000_ha87.87_hb49.1.44.99_hc1.69.26.1.69.26_hd38.1.40.9.2_ad0.0.0.0.0.0.0.0.0.0_ae1.0.0.0.0_ia_if_ib_id_ic5.25.25.56.0_jc_ie_ja_jb_jd_je_jf_jg_ka6.0.0.0.0_kb6.0.0.0_kc_kd_ke_kf_la_lb_oa_os_ob_oc_od_oe_of_lc_m0012.3.3.0.1.3.59.10.47.78.1.61.56.500_n00_s00_og_oh_oo_op_oq_or_om_on_ok_ol_oi_oj_f00
5,angry,,55,0,0,68**aa6.70.1.16.64.6.70.1.16.64_ab_ac_ba50_bb3.0_bc410.500.8.0.1.0_bd3_be180_bf_bg_ca68.0.11.60.16.21.34.0.0.0.60.80_da2.0.0.100_db_dd9.3.11.50.-30.35_dh1.40.55.44.1_di4_qa_qb_dc7.1.2.2.1.1_eh6.f1ad9d.100_ea9.f1ad9d.C95A63.A6253E.1.0_ec1.30.f1ad9d.C95A63.A6253E.38.57.0_ed42.50.1.1.C95A63.A6253E_ef_eg_r0017.f1ad9d.C95A63.A6253E.1.2.20.14.164.370.538.0.2.500_r0164.f1ad9d.C95A63.A6253E.2.2.22.-29.20.373.493.0.1.500_r0264.f1ad9d.C95A63.A6253E.2.2.100.-17.40.404.564.0.1.500_r0363.f1ad9d.C95A63.A6253E.2.2.47.47.184.502.595.0.1.500_r040.f1ad9d.FFF2E0.56.1.2.0.50.247.535.564.0.0.500_r050.f1ad9d.FFF2E0.56.1.2.20.100.264.466.582.0.0.500_fa2.36.50.50.10.56.56_fb7_fh1_fc2.00D5FF.55.2.00D5FF.55.50.20.20.50.50.50_fj8.0.30_fd16.1.22.f1ad9d.A6253E_fe74.59_ff0000000000_fg1.41.56.0.0.1.-46.0_fi1.29.21.7.7_pa0.0.0.0.40.50.77.85.0.0_t0126.61.2.0.5.15.345.639.522.0.500_pb_pc_pd_pe_ga0_gb1_gc11.0_ge0000000000_gh_gf_gg_gd000000_ha87.87_hb49.1.44.99_hc1.69.26.1.69.26_hd38.1.40.9.2_ad0.0.0.0.0.0.0.0.0.0_ae1.0.0.0.0_ia_if_ib_id_ic_jc_ie_ja_jb_jd_je_jf_jg_ka6.0.0.0.0_kb6.0.0.0_kc_kd_ke_kf_la_lb_oa_os_ob_oc_od_oe_of_lc_m0012.3.3.0.1.3.59.10.47.78.1.61.56.500_n00_s00_og_oh_oo_op_oq_or_om_on_ok_ol_oi_oj_f00
,,,,,,
0,nervous,,0,0,0,68**aa15.52.0.9.74.15.52.0.9.74_ab_ac_ba30_bb5.0_bc410.500.20.0.1.0_bd0_be185_bf_bg_ca68.0.11.60.16.21.34.0.0.0.60.80_da2.0.0.100_db_dd9.3.11.50.-30.35_dh1.40.55.44.1_di4_qa_qb_dc7.1.2.2.1.1_eh6.F1AD9D.100_ea9.F1AD9D.C95A63.A6253E.1.0_ec1.30.F1AD9D.C95A63.A6253E.38.57.0_ed42.50.1.1.C95A63.A6253E_ef_eg_r0017.F1AD9D.C95A63.A6253E.1.2.20.14.164.370.538.0.2.500_r0164.F1AD9D.C95A63.A6253E.2.2.22.-29.20.373.493.0.1.500_r0264.F1AD9D.C95A63.A6253E.2.2.100.-17.40.404.564.0.1.500_r0363.F1AD9D.C95A63.A6253E.2.2.47.47.184.502.595.0.1.500_r040.FFF2E0.FFF2E0.56.1.2.0.50.247.535.564.0.0.500_r050.FFF2E0.FFF2E0.56.1.2.20.100.264.466.582.0.0.500_fa2.36.50.50.10.56.56_fb7_fh1_fc2.00D5FF.55.2.00D5FF.55.50.20.20.50.50.50_fj8.0.30_fd16.1.22.F1AD9D.A6253E_fe74.59_ff0000000000_fg1.41.56.0.0.1.-46.0_fi1.29.21.7.7_pa0.0.0.0.40.50.77.85.0.0_t0126.61.2.0.5.15.345.639.505.0.500_pb_pc_pd_pe_ga0_gb1_gc11.0_ge0000000000_gh_gf_gg_gd000000_ha69.69_hb4.1.4.99_hc0.94.48.0.94.48_hd0.1.16.0.2_ad0.0.0.0.0.0.0.0.0.0_ae1.0.0.0.0_ia1.B1837F.43.B1837F.1.8.0.0.8.0.0_if5.97553F.97553F.0.1.0.0.0.0.0.0.0.0.2_ib0.55.55.55.0.0.0.1.5.38.55.5.38.55.2_id_ic5.25.25.57.0_jc_ie_ja11.55.2.0_jb11.55.2.0_jd4.19.55.57_je4.19.55.57_jf_jg_ka6.0.0.0.0_kb6.0.0.0_kc_kd_ke_kf_la_lb_oa_os_ob_oc_od_oe_of3.3.0.0.0_lc_m0012.3.55.0.1.3.59.10.47.78.1.61.56.500_n00_s00_og_oh_oo_op_oq_or_om_on_ok_ol_oi_oj_f00
1,nervous,,0,0,0,68**aa15.52.0.9.74.15.52.0.9.74_ab_ac_ba30_bb5.0_bc410.500.8.0.1.0_bd0_be185_bf_bg_ca68.0.11.60.16.21.34.0.0.0.60.80_da2.0.0.100_db_dd9.3.11.50.-30.35_dh1.40.55.44.1_di4_qa_qb_dc7.1.2.2.1.1_eh6.F1AD9D.100_ea9.F1AD9D.C95A63.A6253E.1.0_ec1.30.F1AD9D.C95A63.A6253E.38.57.0_ed42.50.1.1.C95A63.A6253E_ef_eg_r0017.F1AD9D.C95A63.A6253E.1.2.20.14.164.370.538.0.2.500_r0164.F1AD9D.C95A63.A6253E.2.2.22.-29.20.373.493.0.1.500_r0264.F1AD9D.C95A63.A6253E.2.2.100.-17.40.404.564.0.1.500_r0363.F1AD9D.C95A63.A6253E.2.2.47.47.184.502.595.0.1.500_r040.FFF2E0.FFF2E0.56.1.2.0.50.247.535.564.0.0.500_r050.FFF2E0.FFF2E0.56.1.2.20.100.264.466.582.0.0.500_fa2.36.50.50.10.56.56_fb7_fh1_fc2.00D5FF.55.2.00D5FF.55.50.20.20.50.50.50_fj8.0.30_fd16.1.22.F1AD9D.A6253E_fe74.59_ff0000000000_fg1.41.56.0.0.1.-46.0_fi1.29.21.7.7_pa0.0.0.0.40.50.77.85.0.0_t0126.61.2.0.5.15.345.639.505.0.500_pb_pc_pd_pe_ga0_gb1_gc11.0_ge0000000000_gh_gf_gg_gd000000_ha69.69_hb4.1.4.99_hc0.94.48.0.94.48_hd0.1.16.0.2_ad0.0.0.0.0.0.0.0.0.0_ae1.0.0.0.0_ia_if5.97553F.97553F.49.1.0.0.0.0.0.0.0.0.2_ib0.55.55.55.0.0.0.1.5.0.0.5.0.0.2_id_ic5.25.25.56.0_jc_ie_ja11.55.2.0_jb11.55.2.0_jd4.19.55.57_je4.19.55.57_jf_jg_ka6.0.0.0.0_kb6.0.0.0_kc_kd_ke_kf_la_lb_oa_os_ob_oc_od_oe_of3.3.43.0.0_lc_m0012.3.3.0.1.3.59.10.47.78.1.61.56.500_n00_s00_og_oh_oo_op_oq_or_om_on_ok_ol_oi_oj_f00
2,nervous,,20,0,0,68**aa15.52.0.9.74.15.52.0.9.74_ab_ac_ba30_bb5.0_bc410.500.8.0.1.0_bd0_be185_bf_bg_ca68.0.11.60.16.21.34.0.0.0.60.80_da2.0.0.100_db_dd9.3.11.50.-30.35_dh1.40.55.44.1_di4_qa_qb_dc7.1.2.2.1.1_eh6.F1AD9D.100_ea9.F1AD9D.C95A63.A6253E.1.0_ec1.30.F1AD9D.C95A63.A6253E.38.57.0_ed42.50.1.1.C95A63.A6253E_ef_eg_r0017.F1AD9D.C95A63.A6253E.1.2.20.14.164.370.538.0.2.500_r0164.F1AD9D.C95A63.A6253E.2.2.22.-29.20.373.493.0.1.500_r0264.F1AD9D.C95A63.A6253E.2.2.100.-17.40.404.564.0.1.500_r0363.F1AD9D.C95A63.A6253E.2.2.47.47.184.502.595.0.1.500_r040.FFF2E0.FFF2E0.56.1.2.0.50.247.535.564.0.0.500_r050.FFF2E0.FFF2E0.56.1.2.20.100.264.466.582.0.0.500_fa2.36.50.50.10.56.56_fb7_fh1_fc2.00D5FF.55.2.00D5FF.55.50.20.20.50.50.50_fj8.0.30_fd16.1.22.F1AD9D.A6253E_fe74.59_ff0000000000_fg1.41.56.0.0.1.-46.0_fi1.29.21.7.7_pa0.0.0.0.40.50.77.85.0.0_t0126.61.2.0.5.15.345.639.505.0.500_pb_pc_pd_pe_ga0_gb1_gc11.0_ge0000000000_gh_gf_gg_gd000000_ha69.69_hb4.1.4.99_hc0.94.48.0.94.48_hd0.1.16.0.2_ad0.0.0.0.0.0.0.0.0.0_ae1.0.0.0.0_ia_if_ib0.55.55.55.0.0.0.1.5.0.0.5.0.0.2_id_ic5.25.25.56.0_jc_ie_ja11.55.2.0_jb11.55.2.0_jd4.19.55.57_je4.19.55.57_jf_jg_ka6.0.0.0.0_kb6.0.0.0_kc_kd_ke_kf_la_lb_oa_os_ob_oc_od_oe_of3.3.43.0.0_lc_m0012.3.3.0.1.3.59.10.47.78.1.61.56.500_n00_s00_og_oh_oo_op_oq_or_om_on_ok_ol_oi_oj_f00
3,nervous,,20,0,0,68**aa15.52.0.9.74.15.52.0.9.74_ab_ac_ba61_bb0.0_bc410.500.8.0.1.0_bd3_be178_bf_bg_ca68.0.11.60.16.21.34.0.0.0.60.80_da2.0.0.100_db_dd9.3.11.50.-30.35_dh1.40.55.44.1_di4_qa_qb_dc7.1.2.2.1.1_eh6.F1AD9D.100_ea9.F1AD9D.C95A63.A6253E.1.0_ec1.30.F1AD9D.C95A63.A6253E.38.57.0_ed42.50.1.1.C95A63.A6253E_ef_eg_r0017.F1AD9D.C95A63.A6253E.1.2.20.14.164.370.538.0.2.500_r0164.F1AD9D.C95A63.A6253E.2.2.22.-29.20.373.493.0.1.500_r0264.F1AD9D.C95A63.A6253E.2.2.100.-17.40.404.564.0.1.500_r0363.F1AD9D.C95A63.A6253E.2.2.47.47.184.502.595.0.1.500_r040.FFF2E0.FFF2E0.56.1.2.0.50.247.535.564.0.0.500_r050.FFF2E0.FFF2E0.56.1.2.20.100.264.466.582.0.0.500_fa2.36.50.50.10.56.56_fb7_fh1_fc2.00D5FF.55.2.00D5FF.55.50.20.20.50.50.50_fj8.0.30_fd16.1.22.F1AD9D.A6253E_fe74.59_ff0000000000_fg1.41.56.0.0.1.-46.0_fi1.29.21.7.7_pa0.0.0.0.40.50.77.85.0.0_t0126.61.2.0.5.15.345.639.505.0.500_pb_pc_pd_pe_ga0_gb1_gc11.0_ge0000000000_gh_gf_gg_gd000000_ha69.69_hb0.1.48.99_hc0.94.48.0.94.48_hd0.1.16.0.2_ad0.0.0.0.0.0.0.0.0.0_ae1.0.0.0.0_ia_if_ib0.55.55.55.0.0.0.1.5.0.0.5.0.0.2_id_ic5.25.25.56.0_jc_ie_ja_jb_jd_je_jf_jg_ka6.0.0.0.0_kb6.0.0.0_kc_kd_ke_kf_la_lb_oa_os_ob_oc_od_oe_of3.3.43.0.0_lc_m0012.3.3.0.1.3.59.10.47.78.1.61.56.500_n00_s00_og_oh_oo_op_oq_or_om_on_ok_ol_oi_oj_f00
4,nervous,,40,0,0,68**aa15.52.0.9.74.15.52.0.9.74_ab_ac_ba61_bb0.0_bc410.500.8.0.1.0_bd3_be178_bf_bg_ca68.0.11.60.16.21.34.0.0.0.60.80_da2.0.0.100_db_dd9.3.11.50.-30.35_dh1.40.55.44.1_di4_qa_qb_dc7.1.2.2.1.1_eh6.F1AD9D.100_ea9.F1AD9D.C95A63.A6253E.1.0_ec1.30.F1AD9D.C95A63.A6253E.38.57.0_ed42.50.1.1.C95A63.A6253E_ef_eg_r0017.F1AD9D.C95A63.A6253E.1.2.20.14.164.370.538.0.2.500_r0164.F1AD9D.C95A63.A6253E.2.2.22.-29.20.373.493.0.1.500_r0264.F1AD9D.C95A63.A6253E.2.2.100.-17.40.404.564.0.1.500_r0363.F1AD9D.C95A63.A6253E.2.2.47.47.184.502.595.0.1.500_r040.FFF2E0.FFF2E0.56.1.2.0.50.247.535.564.0.0.500_r050.FFF2E0.FFF2E0.56.1.2.20.100.264.466.582.0.0.500_fa2.36.50.50.10.56.56_fb7_fh1_fc2.00D5FF.55.2.00D5FF.55.50.20.20.50.50.50_fj8.0.30_fd16.1.22.F1AD9D.A6253E_fe74.59_ff0000000000_fg1.41.56.0.0.1.-46.0_fi1.29.21.7.7_pa0.0.0.0.40.50.77.85.0.0_t0126.61.2.0.5.15.345.639.505.0.500_pb_pc_pd_pe_ga0_gb1_gc11.0_ge0000000000_gh_gf_gg_gd000000_ha69.69_hb0.1.48.99_hc0.94.48.0.94.48_hd0.1.16.0.2_ad0.0.0.0.0.0.0.0.0.0_ae1.0.0.0.0_ia_if_ib_id_ic5.25.25.56.0_jc_ie_ja_jb_jd_je_jf_jg_ka6.0.0.0.0_kb6.0.0.0_kc_kd_ke_kf_la_lb_oa_os_ob_oc_od_oe_of_lc_m0012.3.3.0.1.3.59.10.47.78.1.61.56.500_n00_s00_og_oh_oo_op_oq_or_om_on_ok_ol_oi_oj_f00
5,nervous,,55,0,0,68**aa15.52.0.9.74.15.52.0.9.74_ab_ac_ba61_bb0.0_bc410.500.8.0.1.0_bd3_be178_bf_bg_ca68.0.11.60.16.21.34.0.0.0.60.80_da2.0.0.100_db_dd9.3.11.50.-30.35_dh1.40.55.44.1_di4_qa_qb_dc7.1.2.2.1.1_eh6.F1AD9D.100_ea9.F1AD9D.C95A63.A6253E.1.0_ec1.30.F1AD9D.C95A63.A6253E.38.57.0_ed42.50.1.1.C95A63.A6253E_ef_eg_r0017.F1AD9D.C95A63.A6253E.1.2.20.14.164.370.538.0.2.500_r0164.F1AD9D.C95A63.A6253E.2.2.22.-29.20.373.493.0.1.500_r0264.F1AD9D.C95A63.A6253E.2.2.100.-17.40.404.564.0.1.500_r0363.F1AD9D.C95A63.A6253E.2.2.47.47.184.502.595.0.1.500_r040.FFF2E0.FFF2E0.56.1.2.0.50.247.535.564.0.0.500_r050.FFF2E0.FFF2E0.56.1.2.20.100.264.466.582.0.0.500_fa2.36.50.50.10.56.56_fb7_fh1_fc2.00D5FF.55.2.00D5FF.55.50.20.20.50.50.50_fj8.0.30_fd16.1.22.F1AD9D.A6253E_fe74.59_ff0000000000_fg1.41.56.0.0.1.-46.0_fi1.29.21.7.7_pa0.0.0.0.40.50.77.85.0.0_t0126.61.2.0.5.15.345.639.505.0.500_pb_pc_pd_pe_ga0_gb1_gc11.0_ge0000000000_gh_gf_gg_gd000000_ha69.69_hb0.1.48.99_hc0.94.48.0.94.48_hd0.1.16.0.2_ad0.0.0.0.0.0.0.0.0.0_ae1.0.0.0.0_ia_if_ib_id_ic_jc_ie_ja_jb_jd_je_jf_jg_ka6.0.0.0.0_kb6.0.0.0_kc_kd_ke_kf_la_lb_oa_os_ob_oc_od_oe_of_lc_m0012.3.3.0.1.3.59.10.47.78.1.61.56.500_n00_s00_og_oh_oo_op_oq_or_om_on_ok_ol_oi_oj_f00
,,,,,,
0,embarassed,,20,0,0,68**aa6.56.0.28.45.6.56.0.28.45_ab_ac_ba50_bb1.0_bc410.500.20.0.1.0_bd6_be177_bf_bg_ca68.0.11.60.16.21.34.0.0.0.60.80_da2.0.0.100_db_dd9.3.11.50.-30.35_dh1.40.55.44.1_di4_qa_qb_dc7.1.2.2.1.1_eh6.F1AD9D.100_ea9.F1AD9D.C95A63.A6253E.1.0_ec1.30.F1AD9D.C95A63.A6253E.38.57.0_ed42.50.1.1.C95A63.A6253E_ef_eg_r0017.F1AD9D.C95A63.A6253E.1.2.20.14.164.370.538.0.2.500_r0164.F1AD9D.C95A63.A6253E.2.2.22.-29.20.373.493.0.1.500_r0264.F1AD9D.C95A63.A6253E.2.2.100.-17.40.404.564.0.1.500_r0363.F1AD9D.C95A63.A6253E.2.2.47.47.184.502.595.0.1.500_r040.FFF2E0.FFF2E0.56.1.2.0.50.247.535.564.0.0.500_r050.FFF2E0.FFF2E0.56.1.2.20.100.264.466.582.0.0.500_fa2.36.50.50.10.56.56_fb7_fh1_fc2.00D5FF.55.2.00D5FF.55.50.20.20.50.50.50_fj8.0.30_fd16.1.22.F1AD9D.A6253E_fe74.59_ff0000000000_fg1.41.56.0.0.1.-46.0_fi1.29.21.7.7_pa0.0.0.0.40.50.77.85.0.0_t0126.61.2.0.5.15.345.639.501.0.500_pb_pc_pd_pe_ga0_gb1_gc20.0_ge0000000000_gh_gf_gg_gd000000_ha68.68_hb100.1.0.99_hc0.50.52.0.50.52_hd38.1.16.0.2_ad0.0.0.0.0.0.0.0.0.0_ae1.0.0.0.0_ia1.B1837F.43.B1837F.1.8.0.0.8.0.0_if5.97553F.97553F.0.1.0.0.0.0.0.0.0.0.2_ib0.55.55.55.0.0.0.1.5.38.55.5.38.55.2_id_ic5.25.25.57.0_jc_ie_ja11.55.2.0_jb11.55.2.0_jd4.19.55.57_je4.19.55.57_jf_jg_ka6.0.0.0.0_kb6.0.0.0_kc_kd_ke_kf_la_lb_oa_os_ob_oc_od_oe_of3.3.0.0.0_lc_m0012.3.55.0.1.3.59.10.47.78.1.61.56.500_n00_s00_og_oh_oo_op_oq_or_om_on_ok_ol_oi_oj_f00
1,embarassed,,20,0,0,68**aa6.56.0.28.45.6.56.0.28.45_ab_ac_ba50_bb1.0_bc410.500.8.0.1.0_bd6_be177_bf_bg_ca68.0.11.60.16.21.34.0.0.0.60.80_da2.0.0.100_db_dd9.3.11.50.-30.35_dh1.40.55.44.1_di4_qa_qb_dc7.1.2.2.1.1_eh6.F1AD9D.100_ea9.F1AD9D.C95A63.A6253E.1.0_ec1.30.F1AD9D.C95A63.A6253E.38.57.0_ed42.50.1.1.C95A63.A6253E_ef_eg_r0017.F1AD9D.C95A63.A6253E.1.2.20.14.164.370.538.0.2.500_r0164.F1AD9D.C95A63.A6253E.2.2.22.-29.20.373.493.0.1.500_r0264.F1AD9D.C95A63.A6253E.2.2.100.-17.40.404.564.0.1.500_r0363.F1AD9D.C95A63.A6253E.2.2.47.47.184.502.595.0.1.500_r040.FFF2E0.FFF2E0.56.1.2.0.50.247.535.564.0.0.500_r050.FFF2E0.FFF2E0.56.1.2.20.100.264.466.582.0.0.500_fa2.36.50.50.10.56.56_fb7_fh1_fc2.00D5FF.55.2.00D5FF.55.50.20.20.50.50.50_fj8.0.30_fd16.1.22.F1AD9D.A6253E_fe74.59_ff0000000000_fg1.41.56.0.0.1.-46.0_fi1.29.21.7.7_pa0.0.0.0.40.50.77.85.0.0_t0126.61.2.0.5.15.345.639.501.0.500_pb_pc_pd_pe_ga0_gb1_gc20.0_ge0000000000_gh_gf_gg_gd000000_ha68.68_hb100.1.0.99_hc0.50.52.0.50.52_hd38.1.16.0.2_ad0.0.0.0.0.0.0.0.0.0_ae1.0.0.0.0_ia_if5.97553F.97553F.49.1.0.0.0.0.0.0.0.0.2_ib0.55.55.55.0.0.0.1.5.0.0.5.0.0.2_id_ic5.25.25.56.0_jc_ie_ja11.55.2.0_jb11.55.2.0_jd4.19.55.57_je4.19.55.57_jf_jg_ka6.0.0.0.0_kb6.0.0.0_kc_kd_ke_kf_la_lb_oa_os_ob_oc_od_oe_of3.3.43.0.0_lc_m0012.3.3.0.1.3.59.10.47.78.1.61.56.500_n00_s00_og_oh_oo_op_oq_or_om_on_ok_ol_oi_oj_f00
2,embarassed,,40,0,0,68**aa6.56.0.28.45.6.56.0.28.45_ab_ac_ba50_bb1.0_bc410.500.8.0.1.0_bd6_be177_bf_bg_ca68.0.11.60.16.21.34.0.0.0.60.80_da2.0.0.100_db_dd9.3.11.50.-30.35_dh1.40.55.44.1_di4_qa_qb_dc7.1.2.2.1.1_eh6.F1AD9D.100_ea9.F1AD9D.C95A63.A6253E.1.0_ec1.30.F1AD9D.C95A63.A6253E.38.57.0_ed42.50.1.1.C95A63.A6253E_ef_eg_r0017.F1AD9D.C95A63.A6253E.1.2.20.14.164.370.538.0.2.500_r0164.F1AD9D.C95A63.A6253E.2.2.22.-29.20.373.493.0.1.500_r0264.F1AD9D.C95A63.A6253E.2.2.100.-17.40.404.564.0.1.500_r0363.F1AD9D.C95A63.A6253E.2.2.47.47.184.502.595.0.1.500_r040.FFF2E0.FFF2E0.56.1.2.0.50.247.535.564.0.0.500_r050.FFF2E0.FFF2E0.56.1.2.20.100.264.466.582.0.0.500_fa2.36.50.50.10.56.56_fb7_fh1_fc2.00D5FF.55.2.00D5FF.55.50.20.20.50.50.50_fj8.0.30_fd16.1.22.F1AD9D.A6253E_fe74.59_ff0000000000_fg1.41.56.0.0.1.-46.0_fi1.29.21.7.7_pa0.0.0.0.40.50.77.85.0.0_t0126.61.2.0.5.15.345.639.501.0.500_pb_pc_pd_pe_ga0_gb1_gc20.0_ge0000000000_gh_gf_gg_gd000000_ha68.68_hb100.1.0.99_hc0.50.52.0.50.52_hd38.1.16.0.2_ad0.0.0.0.0.0.0.0.0.0_ae1.0.0.0.0_ia_if_ib0.55.55.55.0.0.0.1.5.0.0.5.0.0.2_id_ic5.25.25.56.0_jc_ie_ja11.55.2.0_jb11.55.2.0_jd4.19.55.57_je4.19.55.57_jf_jg_ka6.0.0.0.0_kb6.0.0.0_kc_kd_ke_kf_la_lb_oa_os_ob_oc_od_oe_of3.3.43.0.0_lc_m0012.3.3.0.1.3.59.10.47.78.1.61.56.500_n00_s00_og_oh_oo_op_oq_or_om_on_ok_ol_oi_oj_f00
3,embarassed,,40,0,0,68**aa6.57.1.42.34.6.57.1.42.34_ab_ac_ba50_bb1.0_bc410.500.8.0.1.0_bd6_be177_bf_bg_ca68.0.11.60.16.21.34.0.0.0.60.80_da2.0.0.100_db_dd9.3.11.50.-30.35_dh1.40.55.44.1_di4_qa_qb_dc7.1.2.2.1.1_eh6.F1AD9D.100_ea9.F1AD9D.C95A63.A6253E.1.0_ec1.30.F1AD9D.C95A63.A6253E.38.57.0_ed42.50.1.1.C95A63.A6253E_ef_eg_r0017.F1AD9D.C95A63.A6253E.1.2.20.14.164.370.538.0.2.500_r0164.F1AD9D.C95A63.A6253E.2.2.22.-29.20.373.493.0.1.500_r0264.F1AD9D.C95A63.A6253E.2.2.100.-17.40.404.564.0.1.500_r0363.F1AD9D.C95A63.A6253E.2.2.47.47.184.502.595.0.1.500_r040.FFF2E0.FFF2E0.56.1.2.0.50.247.535.564.0.0.500_r050.FFF2E0.FFF2E0.56.1.2.20.100.264.466.582.0.0.500_fa2.36.50.50.10.56.56_fb7_fh1_fc2.00D5FF.55.2.00D5FF.55.50.20.20.50.50.50_fj8.0.30_fd16.1.22.F1AD9D.A6253E_fe74.59_ff0000000000_fg1.41.56.0.0.1.-46.0_fi1.29.21.7.7_pa0.0.0.0.40.50.77.85.0.0_t0126.61.2.0.5.15.345.639.508.0.500_pb_pc_pd_pe_ga0_gb1_gc35.15_ge0000000000_gh_gf_gg_gd000000_ha73.73_hb35.0.6.64_hc0.50.52.0.50.52_hd8.1.55.37.2_ad0.0.0.0.0.0.0.0.0.0_ae1.0.0.0.0_ia_if_ib0.55.55.55.0.0.0.1.5.0.0.5.0.0.2_id_ic5.25.25.56.0_jc_ie_ja_jb_jd_je_jf_jg_ka6.0.0.0.0_kb6.0.0.0_kc_kd_ke_kf_la_lb_oa_os_ob_oc_od_oe_of3.3.43.0.0_lc_m0012.3.3.0.1.3.59.10.47.78.1.61.56.500_n00_s00_og_oh_oo_op_oq_or_om_on_ok_ol_oi_oj_f00
4,embarassed,,60,0,0,68**aa6.57.1.42.34.6.57.1.42.34_ab_ac_ba50_bb1.0_bc410.500.8.0.1.0_bd6_be177_bf_bg_ca68.0.11.60.16.21.34.0.0.0.60.80_da2.0.0.100_db_dd9.3.11.50.-30.35_dh1.40.55.44.1_di4_qa_qb_dc7.1.2.2.1.1_eh6.F1AD9D.100_ea9.F1AD9D.C95A63.A6253E.1.0_ec1.30.F1AD9D.C95A63.A6253E.38.57.0_ed42.50.1.1.C95A63.A6253E_ef_eg_r0017.F1AD9D.C95A63.A6253E.1.2.20.14.164.370.538.0.2.500_r0164.F1AD9D.C95A63.A6253E.2.2.22.-29.20.373.493.0.1.500_r0264.F1AD9D.C95A63.A6253E.2.2.100.-17.40.404.564.0.1.500_r0363.F1AD9D.C95A63.A6253E.2.2.47.47.184.502.595.0.1.500_r040.FFF2E0.FFF2E0.56.1.2.0.50.247.535.564.0.0.500_r050.FFF2E0.FFF2E0.56.1.2.20.100.264.466.582.0.0.500_fa2.36.50.50.10.56.56_fb7_fh1_fc2.00D5FF.55.2.00D5FF.55.50.20.20.50.50.50_fj8.0.30_fd16.1.22.F1AD9D.A6253E_fe74.59_ff0000000000_fg1.41.56.0.0.1.-46.0_fi1.29.21.7.7_pa0.0.0.0.40.50.77.85.0.0_t0126.61.2.0.5.15.345.639.508.0.500_pb_pc_pd_pe_ga0_gb1_gc35.15_ge0000000000_gh_gf_gg_gd000000_ha73.73_hb35.0.6.64_hc0.50.52.0.50.52_hd8.1.55.37.2_ad0.0.0.0.0.0.0.0.0.0_ae1.0.0.0.0_ia_if_ib_id_ic5.25.25.56.0_jc_ie_ja_jb_jd_je_jf_jg_ka6.0.0.0.0_kb6.0.0.0_kc_kd_ke_kf_la_lb_oa_os_ob_oc_od_oe_of_lc_m0012.3.3.0.1.3.59.10.47.78.1.61.56.500_n00_s00_og_oh_oo_op_oq_or_om_on_ok_ol_oi_oj_f00
5,embarassed,,75,0,0,68**aa6.57.1.42.34.6.57.1.42.34_ab_ac_ba50_bb1.0_bc410.500.8.0.1.0_bd6_be177_bf_bg_ca68.0.11.60.16.21.34.0.0.0.60.80_da2.0.0.100_db_dd9.3.11.50.-30.35_dh1.40.55.44.1_di4_qa_qb_dc7.1.2.2.1.1_eh6.F1AD9D.100_ea9.F1AD9D.C95A63.A6253E.1.0_ec1.30.F1AD9D.C95A63.A6253E.38.57.0_ed42.50.1.1.C95A63.A6253E_ef_eg_r0017.F1AD9D.C95A63.A6253E.1.2.20.14.164.370.538.0.2.500_r0164.F1AD9D.C95A63.A6253E.2.2.22.-29.20.373.493.0.1.500_r0264.F1AD9D.C95A63.A6253E.2.2.100.-17.40.404.564.0.1.500_r0363.F1AD9D.C95A63.A6253E.2.2.47.47.184.502.595.0.1.500_r040.FFF2E0.FFF2E0.56.1.2.0.50.247.535.564.0.0.500_r050.FFF2E0.FFF2E0.56.1.2.20.100.264.466.582.0.0.500_fa2.36.50.50.10.56.56_fb7_fh1_fc2.00D5FF.55.2.00D5FF.55.50.20.20.50.50.50_fj8.0.30_fd16.1.22.F1AD9D.A6253E_fe74.59_ff0000000000_fg1.41.56.0.0.1.-46.0_fi1.29.21.7.7_pa0.0.0.0.40.50.77.85.0.0_t0126.61.2.0.5.15.345.639.508.0.500_pb_pc_pd_pe_ga0_gb1_gc35.15_ge0000000000_gh_gf_gg_gd000000_ha73.73_hb35.0.6.64_hc0.50.52.0.50.52_hd8.1.55.37.2_ad0.0.0.0.0.0.0.0.0.0_ae1.0.0.0.0_ia_if_ib_id_ic_jc_ie_ja_jb_jd_je_jf_jg_ka6.0.0.0.0_kb6.0.0.0_kc_kd_ke_kf_la_lb_oa_os_ob_oc_od_oe_of_lc_m0012.3.3.0.1.3.59.10.47.78.1.61.56.500_n00_s00_og_oh_oo_op_oq_or_om_on_ok_ol_oi_oj_f00
,,,,,,
0,shocked,,0,0,0,68**aa10.44.0.8.35.9.45.0.8.38_ab_ac_ba50_bb4.0_bc410.500.8.0.1.0_bd4_be180_bf_bg_ca68.0.11.60.16.21.34.0.0.0.60.80_da2.0.0.100_db_dd9.3.11.50.-30.35_dh1.40.55.44.1_di4_qa_qb_dc7.1.2.2.1.1_eh6.f1ad9d.100_ea9.f1ad9d.C95A63.A6253E.1.0_ec1.30.f1ad9d.C95A63.A6253E.38.57.0_ed42.50.1.1.C95A63.A6253E_ef_eg_r0017.f1ad9d.C95A63.A6253E.1.2.20.14.164.370.538.0.2.500_r0164.f1ad9d.C95A63.A6253E.2.2.22.-29.20.373.493.0.1.500_r0264.f1ad9d.C95A63.A6253E.2.2.100.-17.40.404.564.0.1.500_r0363.f1ad9d.C95A63.A6253E.2.2.47.47.184.502.595.0.1.500_r040.f1ad9d.FFF2E0.56.1.2.0.50.247.535.564.0.0.500_r050.f1ad9d.FFF2E0.56.1.2.20.100.264.466.582.0.0.500_fa2.36.50.50.10.56.56_fb7_fh1_fc2.00D5FF.55.2.00D5FF.55.50.20.20.50.50.50_fj8.0.30_fd16.1.22.f1ad9d.A6253E_fe74.59_ff0000000000_fg1.41.56.0.0.1.-46.0_fi1.29.21.7.7_pa0.0.0.0.40.50.77.85.0.0_t00_pb_pc_pd_pe_ga0_gb1_gc11.0_ge0000000000_gh_gf_gg1.0.50.50.50.1_gd000000_ha88.88_hb49.1.44.99_hc3.94.30.3.94.30_hd40.1.51.34.2_ad0.0.0.0.0.0.0.0.0.0_ae1.0.0.0.0_ia1.B1837F.43.B1837F.1.8.0.0.8.0.0_if5.97553F.97553F.49.1.0.0.0.0.0.0.0.0.2_ib0.55.55.55.0.0.0.1.5.0.0.5.0.0.2_id_ic5.25.25.56.0_jc_ie_ja11.55.2.0_jb11.55.2.0_jd4.19.55.57_je4.19.55.57_jf_jg_ka6.0.0.0.0_kb6.0.0.0_kc_kd_ke_kf_la_lb_oa_os_ob_oc_od_oe_of3.3.43.0.0_lc_m0012.3.3.0.1.3.59.10.47.78.1.61.56.500_n00_s00_og_oh_oo_op_oq_or_om_on_ok_ol_oi_oj_f00
1,shocked,,0,0,0,68**aa10.44.0.8.35.9.45.0.8.38_ab_ac_ba50_bb4.0_bc410.500.8.0.1.0_bd4_be180_bf_bg_ca68.0.11.60.16.21.34.0.0.0.60.80_da2.0.0.100_db_dd9.3.11.50.-30.35_dh1.40.55.44.1_di4_qa_qb_dc7.1.2.2.1.1_eh6.f1ad9d.100_ea9.f1ad9d.C95A63.A6253E.1.0_ec1.30.f1ad9d.C95A63.A6253E.38.57.0_ed42.50.1.1.C95A63.A6253E_ef_eg_r0017.f1ad9d.C95A63.A6253E.1.2.20.14.164.370.538.0.2.500_r0164.f1ad9d.C95A63.A6253E.2.2.22.-29.20.373.493.0.1.500_r0264.f1ad9d.C95A63.A6253E.2.2.100.-17.40.404.564.0.1.500_r0363.f1ad9d.C95A63.A6253E.2.2.47.47.184.502.595.0.1.500_r040.f1ad9d.FFF2E0.56.1.2.0.50.247.535.564.0.0.500_r050.f1ad9d.FFF2E0.56.1.2.20.100.264.466.582.0.0.500_fa2.36.50.50.10.56.56_fb7_fh1_fc2.00D5FF.55.2.00D5FF.55.50.20.20.50.50.50_fj8.0.30_fd16.1.22.f1ad9d.A6253E_fe74.59_ff0000000000_fg1.41.56.0.0.1.-46.0_fi1.29.21.7.7_pa0.0.0.0.40.50.77.85.0.0_t00_pb_pc_pd_pe_ga0_gb1_gc11.0_ge0000000000_gh_gf_gg1.0.50.50.50.1_gd000000_ha88.88_hb49.1.44.99_hc3.94.30.3.94.30_hd40.1.51.34.2_ad0.0.0.0.0.0.0.0.0.0_ae1.0.0.0.0_ia_if5.97553F.97553F.49.1.0.0.0.0.0.0.0.0.2_ib0.55.55.55.0.0.0.1.5.0.0.5.0.0.2_id_ic5.25.25.56.0_jc_ie_ja11.55.2.0_jb11.55.2.0_jd4.19.55.57_je4.19.55.57_jf_jg_ka6.0.0.0.0_kb6.0.0.0_kc_kd_ke_kf_la_lb_oa_os_ob_oc_od_oe_of3.3.43.0.0_lc_m0012.3.3.0.1.3.59.10.47.78.1.61.56.500_n00_s00_og_oh_oo_op_oq_or_om_on_ok_ol_oi_oj_f00
2,shocked,,20,0,0,68**aa10.44.0.8.35.9.45.0.8.38_ab_ac_ba50_bb4.0_bc410.500.8.0.1.0_bd4_be180_bf_bg_ca68.0.11.60.16.21.34.0.0.0.60.80_da2.0.0.100_db_dd9.3.11.50.-30.35_dh1.40.55.44.1_di4_qa_qb_dc7.1.2.2.1.1_eh6.f1ad9d.100_ea9.f1ad9d.C95A63.A6253E.1.0_ec1.30.f1ad9d.C95A63.A6253E.38.57.0_ed42.50.1.1.C95A63.A6253E_ef_eg_r0017.f1ad9d.C95A63.A6253E.1.2.20.14.164.370.538.0.2.500_r0164.f1ad9d.C95A63.A6253E.2.2.22.-29.20.373.493.0.1.500_r0264.f1ad9d.C95A63.A6253E.2.2.100.-17.40.404.564.0.1.500_r0363.f1ad9d.C95A63.A6253E.2.2.47.47.184.502.595.0.1.500_r040.f1ad9d.FFF2E0.56.1.2.0.50.247.535.564.0.0.500_r050.f1ad9d.FFF2E0.56.1.2.20.100.264.466.582.0.0.500_fa2.36.50.50.10.56.56_fb7_fh1_fc2.00D5FF.55.2.00D5FF.55.50.20.20.50.50.50_fj8.0.30_fd16.1.22.f1ad9d.A6253E_fe74.59_ff0000000000_fg1.41.56.0.0.1.-46.0_fi1.29.21.7.7_pa0.0.0.0.40.50.77.85.0.0_t00_pb_pc_pd_pe_ga0_gb1_gc11.0_ge0000000000_gh_gf_gg1.0.50.50.50.1_gd000000_ha88.88_hb49.1.44.99_hc3.94.30.3.94.30_hd40.1.51.34.2_ad0.0.0.0.0.0.0.0.0.0_ae1.0.0.0.0_ia_if_ib0.55.55.55.0.0.0.1.5.0.0.5.0.0.2_id_ic5.25.25.56.0_jc_ie_ja11.55.2.0_jb11.55.2.0_jd4.19.55.57_je4.19.55.57_jf_jg_ka6.0.0.0.0_kb6.0.0.0_kc_kd_ke_kf_la_lb_oa_os_ob_oc_od_oe_of3.3.43.0.0_lc_m0012.3.3.0.1.3.59.10.47.78.1.61.56.500_n00_s00_og_oh_oo_op_oq_or_om_on_ok_ol_oi_oj_f00
3,shocked,,20,0,0,68**aa16.54.0.8.0.16.54.0.8.0_ab_ac_ba50_bb4.0_bc410.500.8.0.1.0_bd4_be180_bf_bg_ca68.0.11.60.16.21.34.0.0.0.60.80_da2.0.0.100_db_dd9.3.11.50.-30.35_dh1.40.55.44.1_di4_qa_qb_dc7.1.2.2.1.1_eh6.f1ad9d.100_ea9.f1ad9d.C95A63.A6253E.1.0_ec1.30.f1ad9d.C95A63.A6253E.38.57.0_ed42.50.1.1.C95A63.A6253E_ef_eg_r0017.f1ad9d.C95A63.A6253E.1.2.20.14.164.370.538.0.2.500_r0164.f1ad9d.C95A63.A6253E.2.2.22.-29.20.373.493.0.1.500_r0264.f1ad9d.C95A63.A6253E.2.2.100.-17.40.404.564.0.1.500_r0363.f1ad9d.C95A63.A6253E.2.2.47.47.184.502.595.0.1.500_r040.f1ad9d.FFF2E0.56.1.2.0.50.247.535.564.0.0.500_r050.f1ad9d.FFF2E0.56.1.2.20.100.264.466.582.0.0.500_fa2.36.50.50.10.56.56_fb7_fh1_fc2.00D5FF.55.2.00D5FF.55.50.20.20.50.50.50_fj8.0.30_fd16.1.22.f1ad9d.A6253E_fe74.59_ff0000000000_fg1.41.56.0.0.1.-46.0_fi1.29.21.7.7_pa0.0.0.0.40.50.77.85.0.0_t00_pb_pc_pd_pe_ga0_gb1_gc11.0_ge0000000000_gh_gf_gg1.0.50.50.50.1_gd000000_ha88.88_hb49.1.44.99_hc3.94.30.3.94.30_hd40.1.51.34.2_ad0.0.0.0.0.0.0.0.0.0_ae1.0.0.0.0_ia_if_ib0.55.55.55.0.0.0.1.5.0.0.5.0.0.2_id_ic5.25.25.56.0_jc_ie_ja_jb_jd_je_jf_jg_ka6.0.0.0.0_kb6.0.0.0_kc_kd_ke_kf_la_lb_oa_os_ob_oc_od_oe_of3.3.43.0.0_lc_m0012.3.3.0.1.3.59.10.47.78.1.61.56.500_n00_s00_og_oh_oo_op_oq_or_om_on_ok_ol_oi_oj_f00
4,shocked,,40,0,0,68**aa16.54.0.8.0.16.54.0.8.0_ab_ac_ba50_bb4.0_bc410.500.8.0.1.0_bd4_be180_bf_bg_ca68.0.11.60.16.21.34.0.0.0.60.80_da2.0.0.100_db_dd9.3.11.50.-30.35_dh1.40.55.44.1_di4_qa_qb_dc7.1.2.2.1.1_eh6.f1ad9d.100_ea9.f1ad9d.C95A63.A6253E.1.0_ec1.30.f1ad9d.C95A63.A6253E.38.57.0_ed42.50.1.1.C95A63.A6253E_ef_eg_r0017.f1ad9d.C95A63.A6253E.1.2.20.14.164.370.538.0.2.500_r0164.f1ad9d.C95A63.A6253E.2.2.22.-29.20.373.493.0.1.500_r0264.f1ad9d.C95A63.A6253E.2.2.100.-17.40.404.564.0.1.500_r0363.f1ad9d.C95A63.A6253E.2.2.47.47.184.502.595.0.1.500_r040.f1ad9d.FFF2E0.56.1.2.0.50.247.535.564.0.0.500_r050.f1ad9d.FFF2E0.56.1.2.20.100.264.466.582.0.0.500_fa2.36.50.50.10.56.56_fb7_fh1_fc2.00D5FF.55.2.00D5FF.55.50.20.20.50.50.50_fj8.0.30_fd16.1.22.f1ad9d.A6253E_fe74.59_ff0000000000_fg1.41.56.0.0.1.-46.0_fi1.29.21.7.7_pa0.0.0.0.40.50.77.85.0.0_t00_pb_pc_pd_pe_ga0_gb1_gc11.0_ge0000000000_gh_gf_gg1.0.50.50.50.1_gd000000_ha88.88_hb49.1.44.99_hc3.94.30.3.94.30_hd40.1.51.34.2_ad0.0.0.0.0.0.0.0.0.0_ae1.0.0.0.0_ia_if_ib_id_ic5.25.25.56.0_jc_ie_ja_jb_jd_je_jf_jg_ka6.0.0.0.0_kb6.0.0.0_kc_kd_ke_kf_la_lb_oa_os_ob_oc_od_oe_of_lc_m0012.3.3.0.1.3.59.10.47.78.1.61.56.500_n00_s00_og_oh_oo_op_oq_or_om_on_ok_ol_oi_oj_f00
5,shocked,,55,0,0,68**aa16.54.0.8.0.16.54.0.8.0_ab_ac_ba50_bb4.0_bc410.500.8.0.1.0_bd4_be180_bf_bg_ca68.0.11.60.16.21.34.0.0.0.60.80_da2.0.0.100_db_dd9.3.11.50.-30.35_dh1.40.55.44.1_di4_qa_qb_dc7.1.2.2.1.1_eh6.f1ad9d.100_ea9.f1ad9d.C95A63.A6253E.1.0_ec1.30.f1ad9d.C95A63.A6253E.38.57.0_ed42.50.1.1.C95A63.A6253E_ef_eg_r0017.f1ad9d.C95A63.A6253E.1.2.20.14.164.370.538.0.2.500_r0164.f1ad9d.C95A63.A6253E.2.2.22.-29.20.373.493.0.1.500_r0264.f1ad9d.C95A63.A6253E.2.2.100.-17.40.404.564.0.1.500_r0363.f1ad9d.C95A63.A6253E.2.2.47.47.184.502.595.0.1.500_r040.f1ad9d.FFF2E0.56.1.2.0.50.247.535.564.0.0.500_r050.f1ad9d.FFF2E0.56.1.2.20.100.264.466.582.0.0.500_fa2.36.50.50.10.56.56_fb7_fh1_fc2.00D5FF.55.2.00D5FF.55.50.20.20.50.50.50_fj8.0.30_fd16.1.22.f1ad9d.A6253E_fe74.59_ff0000000000_fg1.41.56.0.0.1.-46.0_fi1.29.21.7.7_pa0.0.0.0.40.50.77.85.0.0_t00_pb_pc_pd_pe_ga0_gb1_gc11.0_ge0000000000_gh_gf_gg1.0.50.50.50.1_gd000000_ha88.88_hb49.1.44.99_hc3.94.30.3.94.30_hd40.1.51.34.2_ad0.0.0.0.0.0.0.0.0.0_ae1.0.0.0.0_ia_if_ib_id_ic_jc_ie_ja_jb_jd_je_jf_jg_ka6.0.0.0.0_kb6.0.0.0_kc_kd_ke_kf_la_lb_oa_os_ob_oc_od_oe_of_lc_m0012.3.3.0.1.3.59.10.47.78.1.61.56.500_n00_s00_og_oh_oo_op_oq_or_om_on_ok_ol_oi_oj_f00
,,,,,,
4,determined,,40,0,0,68**aa6.56.1.16.26.6.56.1.16.26_ab_ac_ba50_bb3.0_bc410.500.8.0.1.0_bd3_be180_bf_bg_ca68.0.11.60.16.21.34.0.0.0.60.80_da2.0.0.100_db_dd9.3.11.50.-30.35_dh1.40.55.44.1_di4_qa_qb_dc7.1.2.2.1.1_eh6.f1ad9d.100_ea9.f1ad9d.C95A63.A6253E.1.0_ec1.30.f1ad9d.C95A63.A6253E.38.57.0_ed42.50.1.1.C95A63.A6253E_ef_eg_r0017.f1ad9d.C95A63.A6253E.1.2.20.14.164.370.538.0.2.500_r0164.f1ad9d.C95A63.A6253E.2.2.22.-29.20.373.493.0.1.500_r0264.f1ad9d.C95A63.A6253E.2.2.100.-17.40.404.564.0.1.500_r0363.f1ad9d.C95A63.A6253E.2.2.47.47.184.502.595.0.1.500_r040.f1ad9d.FFF2E0.56.1.2.0.50.247.535.564.0.0.500_r050.f1ad9d.FFF2E0.56.1.2.20.100.264.466.582.0.0.500_fa2.36.50.50.10.56.56_fb7_fh1_fc2.00D5FF.55.2.00D5FF.55.50.20.20.50.50.50_fj8.0.30_fd16.1.22.f1ad9d.A6253E_fe74.59_ff0000000000_fg1.41.56.0.0.1.-46.0_fi1.29.21.7.7_pa0.0.0.0.40.50.77.85.0.0_t0126.61.2.0.5.15.345.639.522.0.500_pb_pc_pd_pe_ga0_gb1_gc11.0_ge0000000000_gh_gf_gg_gd000000_ha87.87_hb49.1.44.99_hc0.30.28.0.30.28_hd24.1.40.9.2_ad0.0.0.0.0.0.0.0.0.0_ae1.0.0.0.0_ia_if_ib_id_ic5.25.25.56.0_jc_ie_ja_jb_jd_je_jf_jg_ka6.0.0.0.0_kb6.0.0.0_kc_kd_ke_kf_la_lb_oa_os_ob_oc_od_oe_of_lc_m0012.3.3.0.1.3.59.10.47.78.1.61.56.500_n00_s00_og_oh_oo_op_oq_or_om_on_ok_ol_oi_oj_f00
5,determined,,55,0,0,68**aa6.56.1.16.26.6.56.1.16.26_ab_ac_ba50_bb3.0_bc410.500.8.0.1.0_bd3_be180_bf_bg_ca68.0.11.60.16.21.34.0.0.0.60.80_da2.0.0.100_db_dd9.3.11.50.-30.35_dh1.40.55.44.1_di4_qa_qb_dc7.1.2.2.1.1_eh6.f1ad9d.100_ea9.f1ad9d.C95A63.A6253E.1.0_ec1.30.f1ad9d.C95A63.A6253E.38.57.0_ed42.50.1.1.C95A63.A6253E_ef_eg_r0017.f1ad9d.C95A63.A6253E.1.2.20.14.164.370.538.0.2.500_r0164.f1ad9d.C95A63.A6253E.2.2.22.-29.20.373.493.0.1.500_r0264.f1ad9d.C95A63.A6253E.2.2.100.-17.40.404.564.0.1.500_r0363.f1ad9d.C95A63.A6253E.2.2.47.47.184.502.595.0.1.500_r040.f1ad9d.FFF2E0.56.1.2.0.50.247.535.564.0.0.500_r050.f1ad9d.FFF2E0.56.1.2.20.100.264.466.582.0.0.500_fa2.36.50.50.10.56.56_fb7_fh1_fc2.00D5FF.55.2.00D5FF.55.50.20.20.50.50.50_fj8.0.30_fd16.1.22.f1ad9d.A6253E_fe74.59_ff0000000000_fg1.41.56.0.0.1.-46.0_fi1.29.21.7.7_pa0.0.0.0.40.50.77.85.0.0_t0126.61.2.0.5.15.345.639.522.0.500_pb_pc_pd_pe_ga0_gb1_gc11.0_ge0000000000_gh_gf_gg_gd000000_ha87.87_hb49.1.44.99_hc0.30.28.0.30.28_hd24.1.40.9.2_ad0.0.0.0.0.0.0.0.0.0_ae1.0.0.0.0_ia_if_ib_id_ic_jc_ie_ja_jb_jd_je_jf_jg_ka6.0.0.0.0_kb6.0.0.0_kc_kd_ke_kf_la_lb_oa_os_ob_oc_od_oe_of_lc_m0012.3.3.0.1.3.59.10.47.78.1.61.56.500_n00_s00_og_oh_oo_op_oq_or_om_on_ok_ol_oi_oj_f00
,,,,,,
6,downcast,,45,-1,0,68**aa2.61.0.16.36.4.84.0.29.69_ab_ac_ba50_bb3.0_bc410.500.8.0.1.0_bd3_be180_bf_bg_ca68.0.11.60.16.21.34.0.0.0.60.80_da2.0.0.100_db_dd9.3.11.50.-30.35_dh1.40.55.44.1_di4_qa_qb_dc7.1.2.2.1.1_eh6.F1AD9D.100_ea9.F1AD9D.C95A63.A6253E.1.0_ec1.30.F1AD9D.C95A63.A6253E.38.57.0_ed42.50.1.1.C95A63.A6253E_ef_eg_r0017.F1AD9D.C95A63.A6253E.1.2.20.14.164.370.538.0.2.500_r0164.F1AD9D.C95A63.A6253E.2.2.22.-29.20.373.493.0.1.500_r0264.F1AD9D.C95A63.A6253E.2.2.100.-17.40.404.564.0.1.500_r0363.F1AD9D.C95A63.A6253E.2.2.47.47.184.502.595.0.1.500_r040.FFF2E0.FFF2E0.56.1.2.0.50.247.535.564.0.0.500_r050.FFF2E0.FFF2E0.56.1.2.20.100.264.466.582.0.0.500_fa2.36.50.50.10.56.56_fb7_fh1_fc2.00D5FF.55.2.00D5FF.55.50.20.20.50.50.50_fj8.0.30_fd16.1.22.F1AD9D.A6253E_fe74.59_ff0000000000_fg1.41.56.0.0.1.-46.0_fi1.29.21.7.7_pa0.0.0.0.40.50.77.85.0.0_t0126.61.2.0.5.15.345.639.499.0.500_pb_pc_pd_pe_ga0_gb1_gc0.40_ge0000000000_gh_gf_gg_gd000000_ha65.65_hb21.0.0.100_hc0.87.9.0.87.9_hd4.1.51.59.2_ad0.0.0.0.0.0.0.0.0.0_ae0.3.3.0.0_ia_if_ib_id_ic_jc_ie_ja_jb_jd_je_jf_jg_ka_kb6.0.0.0_kc_kd_ke_kf_la_lb_oa_os_ob_oc_od_oe_of_lc_m0012.3.3.0.1.3.59.10.47.78.1.61.56.500_n00_s00_og_oh_oo_op_oq_or_om_on_ok_ol_oi_oj_f00
6,getoutofmyhead,,45,-1,0,68**aa73.36.1.8.0.75.32.1.28.43_ab_ac_ba50_bb54.0_bc410.500.8.0.1.0_bd54_be180_bf_bg_ca68.0.11.60.16.21.34.0.0.0.60.80_da2.0.0.100_db_dd9.3.11.50.-30.35_dh1.40.55.44.1_di4_qa_qb_dc7.1.2.2.1.1_eh6.F1AD9D.100_ea9.F1AD9D.C95A63.A6253E.1.0_ec1.30.F1AD9D.C95A63.A6253E.38.57.0_ed42.50.1.1.C95A63.A6253E_ef_eg_r0017.F1AD9D.C95A63.A6253E.1.2.20.14.164.370.538.0.2.500_r0164.F1AD9D.C95A63.A6253E.2.2.22.-29.20.373.493.0.1.500_r0264.F1AD9D.C95A63.A6253E.2.2.100.-17.40.404.564.0.1.500_r0363.F1AD9D.C95A63.A6253E.2.2.47.47.184.502.595.0.1.500_r040.FFF2E0.FFF2E0.56.1.2.0.50.247.535.564.0.0.500_r050.FFF2E0.FFF2E0.56.1.2.20.100.264.466.582.0.0.500_fa2.36.50.50.10.56.56_fb7_fh1_fc2.00D5FF.55.2.00D5FF.55.50.20.20.50.50.50_fj8.0.30_fd16.1.22.F1AD9D.A6253E_fe74.59_ff0000000000_fg1.41.56.0.0.1.-46.0_fi1.29.21.7.7_pa0.0.0.0.40.50.77.85.0.0_t0126.61.2.0.5.15.345.639.512.0.500_pb_pc_pd_pe_ga0_gb1_gc11.30_ge0000000000_gh_gf_gg_gd000000_ha77.77_hb15.0.0.99_hc0.100.0.0.100.0_hd48.1.28.25.2_ad0.0.0.0.0.0.0.0.0.0_ae0.3.3.0.0_ia_if_ib_id_ic_jc_ie_ja_jb_jd_je_jf_jg_ka_kb6.0.0.0_kc_kd_ke_kf_la_lb_oa_os_ob_oc_od_oe_of_lc_m0012.3.3.0.1.3.59.10.47.78.1.61.56.500_n00_s00_og_oh_oo_op_oq_or_om_on_ok_ol_oi_oj_f00
6,crying,,45,-1,0,68**aa63.42.1.28.43.67.42.1.28.37_ab_ac_ba50_bb59.0_bc410.500.8.0.1.0_bd59_be180_bf_bg_ca68.0.11.60.16.21.34.0.0.0.60.80_da2.0.0.100_db_dd9.3.11.50.-30.35_dh1.40.55.44.1_di4_qa_qb_dc7.1.2.2.1.1_eh6.F1AD9D.100_ea9.F1AD9D.C95A63.A6253E.1.0_ec1.30.F1AD9D.C95A63.A6253E.38.57.0_ed42.50.1.1.C95A63.A6253E_ef_eg_r0017.F1AD9D.C95A63.A6253E.1.2.20.14.164.370.538.0.2.500_r0164.F1AD9D.C95A63.A6253E.2.2.22.-29.20.373.493.0.1.500_r0264.F1AD9D.C95A63.A6253E.2.2.100.-17.40.404.564.0.1.500_r0363.F1AD9D.C95A63.A6253E.2.2.47.47.184.502.595.0.1.500_r040.FFF2E0.FFF2E0.56.1.2.0.50.247.535.564.0.0.500_r050.FFF2E0.FFF2E0.56.1.2.20.100.264.466.582.0.0.500_fa2.36.50.50.10.56.56_fb7_fh1_fc2.00D5FF.55.2.00D5FF.55.50.20.20.50.50.50_fj8.0.30_fd16.1.22.F1AD9D.A6253E_fe74.59_ff0000000000_fg1.41.56.0.0.1.-46.0_fi1.29.21.7.7_pa0.0.0.0.40.50.77.85.0.0_t0224.55.61.0.8.8.322.596.329.1.500_t0324.55.61.0.6.6.336.552.385.2.500_t0424.55.61.0.7.7.327.610.342.2.500_pb_pc_pd_pe_ga0_gb1_gc11.0_ge0000000000_gh_gf_gg_gd010000_ha25.25_hb69.0.0.70_hc0.87.0.0.87.0_hd8.1.51.34.2_ad0.0.0.0.0.0.0.0.0.0_ae0.3.3.0.0_ia_if_ib_id_ic_jc_ie_ja_jb_jd_je_jf_jg_ka_kb6.0.0.0_kc_kd_ke_kf_la_lb_oa_os_ob_oc_od_oe_of_lc_m0012.3.3.0.1.3.59.10.47.78.1.61.56.500_n00_s00_og_oh_oo_op_oq_or_om_on_ok_ol_oi_oj_f00
6,sadsmile,,45,-1,0,68**aa6.95.1.28.72.6.95.1.28.72_ab_ac_ba50_bb50.0_bc410.500.8.0.1.0_bd50_be180_bf_bg_ca68.0.11.60.16.21.34.0.0.0.60.80_da2.0.0.100_db_dd9.3.11.50.-30.35_dh1.40.55.44.1_di4_qa_qb_dc7.1.2.2.1.1_eh6.F1AD9D.100_ea9.F1AD9D.C95A63.A6253E.1.0_ec1.30.F1AD9D.C95A63.A6253E.38.57.0_ed42.50.1.1.C95A63.A6253E_ef_eg_r0017.F1AD9D.C95A63.A6253E.1.2.20.14.164.370.538.0.2.500_r0164.F1AD9D.C95A63.A6253E.2.2.22.-29.20.373.493.0.1.500_r0264.F1AD9D.C95A63.A6253E.2.2.100.-17.40.404.564.0.1.500_r0363.F1AD9D.C95A63.A6253E.2.2.47.47.184.502.595.0.1.500_r040.FFF2E0.FFF2E0.56.1.2.0.50.247.535.564.0.0.500_r050.FFF2E0.FFF2E0.56.1.2.20.100.264.466.582.0.0.500_fa2.36.50.50.10.56.56_fb7_fh1_fc2.00D5FF.55.2.00D5FF.55.50.20.20.50.50.50_fj8.0.30_fd16.1.22.F1AD9D.A6253E_fe74.59_ff0000000000_fg1.41.56.0.0.1.-46.0_fi1.29.21.7.7_pa0.0.0.0.40.50.77.85.0.0_t0126.61.2.0.5.15.345.639.493.0.500_pb_pc_pd_pe_ga0_gb1_gc0.0_ge0000000000_gh_gf_gg_gd000000_ha57.57_hb35.0.0.90_hc0.88.0.0.88.0_hd0.1.30.0.2_ad0.0.0.0.0.0.0.0.0.0_ae0.3.3.0.0_ia_if_ib_id_ic_jc_ie_ja_jb_jd_je_jf_jg_ka_kb6.0.0.0_kc_kd_ke_kf_la_lb_oa_os_ob_oc_od_oe_of_lc_m0012.3.3.0.1.3.59.10.47.78.1.61.56.500_n00_s00_og_oh_oo_op_oq_or_om_on_ok_ol_oi_oj_f00
6,sorry,,45,-1,0,68**aa11.58.1.8.16.11.58.1.8.16_ab_ac_ba50_bb0.0_bc410.500.8.0.1.0_bd0_be180_bf_bg_ca68.0.11.60.16.21.34.0.0.0.60.80_da2.0.0.100_db_dd9.3.11.50.-30.35_dh1.40.55.44.1_di4_qa_qb_dc7.1.2.2.1.1_eh6.F1AD9D.100_ea9.F1AD9D.C95A63.A6253E.1.0_ec1.30.F1AD9D.C95A63.A6253E.38.57.0_ed42.50.1.1.C95A63.A6253E_ef_eg_r0017.F1AD9D.C95A63.A6253E.1.2.20.14.164.370.538.0.2.500_r0164.F1AD9D.C95A63.A6253E.2.2.22.-29.20.373.493.0.1.500_r0264.F1AD9D.C95A63.A6253E.2.2.100.-17.40.404.564.0.1.500_r0363.F1AD9D.C95A63.A6253E.2.2.47.47.184.502.595.0.1.500_r040.FFF2E0.FFF2E0.56.1.2.0.50.247.535.564.0.0.500_r050.FFF2E0.FFF2E0.56.1.2.20.100.264.466.582.0.0.500_fa2.36.50.50.10.56.56_fb7_fh1_fc2.00D5FF.55.2.00D5FF.55.50.20.20.50.50.50_fj8.0.30_fd16.1.22.F1AD9D.A6253E_fe74.59_ff0000000000_fg1.41.56.0.0.1.-46.0_fi1.29.21.7.7_pa0.0.0.0.40.50.77.85.0.0_t0126.61.2.0.5.15.345.639.499.0.500_pb_pc_pd_pe_ga0_gb1_gc11.0_ge0000000000_gh_gf_gg_gd000000_ha63.63_hb59.1.50.99_hc0.99.18.0.99.18_hd8.1.51.34.2_ad0.0.0.0.0.0.0.0.0.0_ae0.3.3.0.0_ia_if_ib_id_ic_jc_ie_ja_jb_jd_je_jf_jg_ka_kb6.0.0.0_kc_kd_ke_kf_la_lb_oa_os_ob_oc_od_oe_of_lc_m0012.3.3.0.1.3.59.10.47.78.1.61.56.500_n00_s00_og_oh_oo_op_oq_or_om_on_ok_ol_oi_oj_f00
6,pessimistic,,45,-1,0,68**aa6.69.1.16.48.7.70.1.16.52_ab_ac_ba50_bb2.0_bc410.500.8.0.1.0_bd2_be180_bf_bg_ca68.0.11.60.16.21.34.0.0.0.60.80_da2.0.0.100_db_dd9.3.11.50.-30.35_dh1.40.55.44.1_di4_qa_qb_dc7.1.2.2.1.1_eh6.F1AD9D.100_ea9.F1AD9D.C95A63.A6253E.1.0_ec1.30.F1AD9D.C95A63.A6253E.38.57.0_ed42.50.1.1.C95A63.A6253E_ef_eg_r0017.F1AD9D.C95A63.A6253E.1.2.20.14.164.370.538.0.2.500_r0164.F1AD9D.C95A63.A6253E.2.2.22.-29.20.373.493.0.1.500_r0264.F1AD9D.C95A63.A6253E.2.2.100.-17.40.404.564.0.1.500_r0363.F1AD9D.C95A63.A6253E.2.2.47.47.184.502.595.0.1.500_r040.FFF2E0.FFF2E0.56.1.2.0.50.247.535.564.0.0.500_r050.FFF2E0.FFF2E0.56.1.2.20.100.264.466.582.0.0.500_fa2.36.50.50.10.56.56_fb7_fh1_fc2.00D5FF.55.2.00D5FF.55.50.20.20.50.50.50_fj8.0.30_fd16.1.22.F1AD9D.A6253E_fe74.59_ff0000000000_fg1.41.56.0.0.1.-46.0_fi1.29.21.7.7_pa0.0.0.0.40.50.77.85.0.0_t0126.61.2.0.5.15.345.639.495.0.500_pb_pc_pd_pe_ga0_gb1_gc15.0_ge0000000000_gh_gf_gg_gd000000_ha64.64_hb20.1.2.99_hc0.68.12.0.68.12_hd4.1.51.34.2_ad0.0.0.0.0.0.0.0.0.0_ae0.3.3.0.0_ia_if_ib_id_ic_jc_ie_ja_jb_jd_je_jf_jg_ka_kb6.0.0.0_kc_kd_ke_kf_la_lb_oa_os_ob_oc_od_oe_of_lc_m0012.3.3.0.1.3.59.10.47.78.1.61.56.500_n00_s00_og_oh_oo_op_oq_or_om_on_ok_ol_oi_oj_f00
,,,,,,
7,downcast,,45,-1,0,68**aa2.61.0.16.36.4.84.0.29.69_ab_ac_ba50_bb3.0_bc410.500.20.0.1.0_bd3_be180_bf_bg_ca68.0.11.60.16.21.34.0.0.0.60.80_da2.0.0.100_db_dd9.3.11.50.-30.35_dh1.40.55.44.1_di4_qa_qb_dc7.1.2.2.1.1_eh6.F1AD9D.100_ea9.F1AD9D.C95A63.A6253E.1.0_ec1.30.F1AD9D.C95A63.A6253E.38.57.0_ed42.50.1.1.C95A63.A6253E_ef_eg_r0017.F1AD9D.C95A63.A6253E.1.2.20.14.164.370.538.0.2.500_r0164.F1AD9D.C95A63.A6253E.2.2.22.-29.20.373.493.0.1.500_r0264.F1AD9D.C95A63.A6253E.2.2.100.-17.40.404.564.0.1.500_r0363.F1AD9D.C95A63.A6253E.2.2.47.47.184.502.595.0.1.500_r040.FFF2E0.FFF2E0.56.1.2.0.50.247.535.564.0.0.500_r050.FFF2E0.FFF2E0.56.1.2.20.100.264.466.582.0.0.500_fa2.36.50.50.10.56.56_fb7_fh1_fc2.00D5FF.55.2.00D5FF.55.50.20.20.50.50.50_fj8.0.30_fd16.1.22.F1AD9D.A6253E_fe74.59_ff0000000000_fg1.41.56.0.0.1.-46.0_fi1.29.21.7.7_pa0.0.0.0.40.50.77.85.0.0_t0126.61.2.0.5.15.345.639.499.0.500_pb_pc_pd_pe_ga0_gb1_gc0.40_ge0000000000_gh_gf_gg_gd000000_ha65.65_hb21.1.0.100_hc0.87.9.0.87.9_hd4.1.51.59.2_ad0.0.0.0.0.0.0.0.0.0_ae0.3.3.0.0_ia_if_ib_id_ic_jc_ie_ja_jb_jd_je_jf_jg_ka_kb_kc_kd_ke_kf_la_lb_oa_os_ob_oc_od_oe_of_lc_m0012.3.55.0.1.3.59.10.47.78.1.61.56.500_n00_s00_og_oh_oo_op_oq_or_om_on_ok_ol_oi_oj_f00
7,getoutofmyhead,,45,-1,0,68**aa73.36.1.8.0.75.32.1.28.43_ab_ac_ba50_bb54.0_bc410.500.20.0.1.0_bd54_be180_bf_bg_ca68.0.11.60.16.21.34.0.0.0.60.80_da2.0.0.100_db_dd9.3.11.50.-30.35_dh1.40.55.44.1_di4_qa_qb_dc7.1.2.2.1.1_eh6.F1AD9D.100_ea9.F1AD9D.C95A63.A6253E.1.0_ec1.30.F1AD9D.C95A63.A6253E.38.57.0_ed42.50.1.1.C95A63.A6253E_ef_eg_r0017.F1AD9D.C95A63.A6253E.1.2.20.14.164.370.538.0.2.500_r0164.F1AD9D.C95A63.A6253E.2.2.22.-29.20.373.493.0.1.500_r0264.F1AD9D.C95A63.A6253E.2.2.100.-17.40.404.564.0.1.500_r0363.F1AD9D.C95A63.A6253E.2.2.47.47.184.502.595.0.1.500_r040.FFF2E0.FFF2E0.56.1.2.0.50.247.535.564.0.0.500_r050.FFF2E0.FFF2E0.56.1.2.20.100.264.466.582.0.0.500_fa2.36.50.50.10.56.56_fb7_fh1_fc2.00D5FF.55.2.00D5FF.55.50.20.20.50.50.50_fj8.0.30_fd16.1.22.F1AD9D.A6253E_fe74.59_ff0000000000_fg1.41.56.0.0.1.-46.0_fi1.29.21.7.7_pa0.0.0.0.40.50.77.85.0.0_t0126.61.2.0.5.15.345.639.512.0.500_pb_pc_pd_pe_ga0_gb1_gc11.30_ge0000000000_gh_gf_gg_gd000000_ha77.77_hb15.0.0.99_hc0.100.0.0.100.0_hd48.1.28.25.2_ad0.0.0.0.0.0.0.0.0.0_ae0.3.3.0.0_ia_if_ib_id_ic_jc_ie_ja_jb_jd_je_jf_jg_ka_kb_kc_kd_ke_kf_la_lb_oa_os_ob_oc_od_oe_of_lc_m0012.3.55.0.1.3.59.10.47.78.1.61.56.500_n00_s00_og_oh_oo_op_oq_or_om_on_ok_ol_oi_oj_f00
7,crying,,45,-1,0,68**aa63.42.1.28.43.67.42.1.28.37_ab_ac_ba50_bb59.0_bc410.500.8.0.1.0_bd59_be180_bf_bg_ca68.0.11.60.16.21.34.0.0.0.60.80_da2.0.0.100_db_dd9.3.11.50.-30.35_dh1.40.55.44.1_di4_qa_qb_dc7.1.2.2.1.1_eh6.F1AD9D.100_ea9.F1AD9D.C95A63.A6253E.1.0_ec1.30.F1AD9D.C95A63.A6253E.38.57.0_ed42.50.1.1.C95A63.A6253E_ef_eg_r0017.F1AD9D.C95A63.A6253E.1.2.20.14.164.370.538.0.2.500_r0164.F1AD9D.C95A63.A6253E.2.2.22.-29.20.373.493.0.1.500_r0264.F1AD9D.C95A63.A6253E.2.2.100.-17.40.404.564.0.1.500_r0363.F1AD9D.C95A63.A6253E.2.2.47.47.184.502.595.0.1.500_r040.FFF2E0.FFF2E0.56.1.2.0.50.247.535.564.0.0.500_r050.FFF2E0.FFF2E0.56.1.2.20.100.264.466.582.0.0.500_fa2.36.50.50.10.56.56_fb7_fh1_fc2.00D5FF.55.2.00D5FF.55.50.20.20.50.50.50_fj8.0.30_fd16.1.22.F1AD9D.A6253E_fe74.59_ff0000000000_fg1.41.56.0.0.1.-46.0_fi1.29.21.7.7_pa0.0.0.0.40.50.77.85.0.0_t0224.55.61.0.8.8.322.596.329.1.500_t0324.55.61.0.6.6.336.552.385.2.500_t0424.55.61.0.7.7.327.610.342.2.500_pb_pc_pd_pe_ga0_gb1_gc11.0_ge0000000000_gh_gf_gg_gd010000_ha25.25_hb69.0.0.70_hc0.87.0.0.87.0_hd8.1.51.34.2_ad0.0.0.0.0.0.0.0.0.0_ae0.3.3.0.0_ia_if_ib_id_ic_jc_ie_ja_jb_jd_je_jf_jg_ka_kb_kc_kd_ke_kf_la_lb_oa_os_ob_oc_od_oe_of_lc_m0012.3.3.0.1.3.59.10.47.78.1.61.56.500_n00_s00_og_oh_oo_op_oq_or_om_on_ok_ol_oi_oj_f00
7,sadsmile,,45,-1,0,68**aa6.95.1.28.72.6.95.1.28.72_ab_ac_ba50_bb50.0_bc410.500.20.0.1.0_bd50_be180_bf_bg_ca68.0.11.60.16.21.34.0.0.0.60.80_da2.0.0.100_db_dd9.3.11.50.-30.35_dh1.40.55.44.1_di4_qa_qb_dc7.1.2.2.1.1_eh6.F1AD9D.100_ea9.F1AD9D.C95A63.A6253E.1.0_ec1.30.F1AD9D.C95A63.A6253E.38.57.0_ed42.50.1.1.C95A63.A6253E_ef_eg_r0017.F1AD9D.C95A63.A6253E.1.2.20.14.164.370.538.0.2.500_r0164.F1AD9D.C95A63.A6253E.2.2.22.-29.20.373.493.0.1.500_r0264.F1AD9D.C95A63.A6253E.2.2.100.-17.40.404.564.0.1.500_r0363.F1AD9D.C95A63.A6253E.2.2.47.47.184.502.595.0.1.500_r040.FFF2E0.FFF2E0.56.1.2.0.50.247.535.564.0.0.500_r050.FFF2E0.FFF2E0.56.1.2.20.100.264.466.582.0.0.500_fa2.36.50.50.10.56.56_fb7_fh1_fc2.00D5FF.55.2.00D5FF.55.50.20.20.50.50.50_fj8.0.30_fd16.1.22.F1AD9D.A6253E_fe74.59_ff0000000000_fg1.41.56.0.0.1.-46.0_fi1.29.21.7.7_pa0.0.0.0.40.50.77.85.0.0_t0126.61.2.0.5.15.345.639.493.0.500_pb_pc_pd_pe_ga0_gb1_gc0.0_ge0000000000_gh_gf_gg_gd000000_ha57.57_hb35.0.0.90_hc0.88.0.0.88.0_hd0.1.30.0.2_ad0.0.0.0.0.0.0.0.0.0_ae0.3.3.0.0_ia_if_ib_id_ic_jc_ie_ja_jb_jd_je_jf_jg_ka_kb_kc_kd_ke_kf_la_lb_oa_os_ob_oc_od_oe_of_lc_m0012.3.55.0.1.3.59.10.47.78.1.61.56.500_n00_s00_og_oh_oo_op_oq_or_om_on_ok_ol_oi_oj_f00
7,sorry,,45,-1,0,68**aa11.58.1.8.16.11.58.1.8.16_ab_ac_ba50_bb0.0_bc410.500.20.0.1.0_bd0_be180_bf_bg_ca68.0.11.60.16.21.34.0.0.0.60.80_da2.0.0.100_db_dd9.3.11.50.-30.35_dh1.40.55.44.1_di4_qa_qb_dc7.1.2.2.1.1_eh6.F1AD9D.100_ea9.F1AD9D.C95A63.A6253E.1.0_ec1.30.F1AD9D.C95A63.A6253E.38.57.0_ed42.50.1.1.C95A63.A6253E_ef_eg_r0017.F1AD9D.C95A63.A6253E.1.2.20.14.164.370.538.0.2.500_r0164.F1AD9D.C95A63.A6253E.2.2.22.-29.20.373.493.0.1.500_r0264.F1AD9D.C95A63.A6253E.2.2.100.-17.40.404.564.0.1.500_r0363.F1AD9D.C95A63.A6253E.2.2.47.47.184.502.595.0.1.500_r040.FFF2E0.FFF2E0.56.1.2.0.50.247.535.564.0.0.500_r050.FFF2E0.FFF2E0.56.1.2.20.100.264.466.582.0.0.500_fa2.36.50.50.10.56.56_fb7_fh1_fc2.00D5FF.55.2.00D5FF.55.50.20.20.50.50.50_fj8.0.30_fd16.1.22.F1AD9D.A6253E_fe74.59_ff0000000000_fg1.41.56.0.0.1.-46.0_fi1.29.21.7.7_pa0.0.0.0.40.50.77.85.0.0_t0126.61.2.0.5.15.345.639.499.0.500_pb_pc_pd_pe_ga0_gb1_gc11.0_ge0000000000_gh_gf_gg_gd000000_ha63.63_hb59.1.50.99_hc0.99.18.0.99.18_hd8.1.51.34.2_ad0.0.0.0.0.0.0.0.0.0_ae0.3.3.0.0_ia_if_ib_id_ic_jc_ie_ja_jb_jd_je_jf_jg_ka_kb_kc_kd_ke_kf_la_lb_oa_os_ob_oc_od_oe_of_lc_m0012.3.55.0.1.3.59.10.47.78.1.61.56.500_n00_s00_og_oh_oo_op_oq_or_om_on_ok_ol_oi_oj_f00
7,pessimistic,,45,-1,0,68**aa6.69.1.16.48.7.70.1.16.52_ab_ac_ba50_bb2.0_bc410.500.20.0.1.0_bd2_be180_bf_bg_ca68.0.11.60.16.21.34.0.0.0.60.80_da2.0.0.100_db_dd9.3.11.50.-30.35_dh1.40.55.44.1_di4_qa_qb_dc7.1.2.2.1.1_eh6.F1AD9D.100_ea9.F1AD9D.C95A63.A6253E.1.0_ec1.30.F1AD9D.C95A63.A6253E.38.57.0_ed42.50.1.1.C95A63.A6253E_ef_eg_r0017.F1AD9D.C95A63.A6253E.1.2.20.14.164.370.538.0.2.500_r0164.F1AD9D.C95A63.A6253E.2.2.22.-29.20.373.493.0.1.500_r0264.F1AD9D.C95A63.A6253E.2.2.100.-17.40.404.564.0.1.500_r0363.F1AD9D.C95A63.A6253E.2.2.47.47.184.502.595.0.1.500_r040.FFF2E0.FFF2E0.56.1.2.0.50.247.535.564.0.0.500_r050.FFF2E0.FFF2E0.56.1.2.20.100.264.466.582.0.0.500_fa2.36.50.50.10.56.56_fb7_fh1_fc2.00D5FF.55.2.00D5FF.55.50.20.20.50.50.50_fj8.0.30_fd16.1.22.F1AD9D.A6253E_fe74.59_ff0000000000_fg1.41.56.0.0.1.-46.0_fi1.29.21.7.7_pa0.0.0.0.40.50.77.85.0.0_t0126.61.2.0.5.15.345.639.495.0.500_pb_pc_pd_pe_ga0_gb1_gc15.0_ge0000000000_gh_gf_gg_gd000000_ha64.64_hb20.1.2.99_hc0.68.12.0.68.12_hd4.1.51.34.2_ad0.0.0.0.0.0.0.0.0.0_ae0.3.3.0.0_ia_if_ib_id_ic_jc_ie_ja_jb_jd_je_jf_jg_ka_kb_kc_kd_ke_kf_la_lb_oa_os_ob_oc_od_oe_of_lc_m0012.3.55.0.1.3.59.10.47.78.1.61.56.500_n00_s00_og_oh_oo_op_oq_or_om_on_ok_ol_oi_oj_f00