<?xml version="1.0" encoding="utf-8"?>
<tagdictionary>
  <group label="Hair Color" multiselect="true">
    <tag display="Black" description="Black/dark gray hair">black_hair</tag>
    <tag display="Blonde" description="Yellow/blonde hair">blonde</tag>
    <tag display="Brown">brunette</tag>
    <tag display="Red">ginger</tag>
    <tag display="White/Gray">white_hair</tag>
    <tag display="Blue">blue_hair</tag>
    <tag display="Pink">pink_hair</tag>
    <tag display="Green">green_hair</tag>
    <tag display="Purple">purple_hair</tag>
    <tag display="Exotic">exotic_hair</tag>
  </group>
  <group label="Hair Length">
    <tag display="Bald">bald</tag>
    <tag display="Short">short_hair</tag>
    <tag display="Medium">medium_hair</tag>
    <tag display="Long">long_hair</tag>
    <tag display="Very Long" paired="long_hair">very_long_hair</tag>
  </group>
  <group label="Hair Style" multiselect="true">
    <tag display="Drills">drill_hair</tag>
    <tag display="Messy">messy_hair</tag>
    <tag display="Ponytail">ponytail</tag>
    <tag display="Twin Tails">twintails</tag>
  </group>
  <group label="Eye Color">
    <tag display="Dark/Black/Brown">dark_eyes</tag>
    <tag display="Blue">blue_eyes</tag>
    <tag display="Pale/White/Gray">pale_eyes</tag>
    <tag display="Green">green_eyes</tag>
    <tag display="Pink/Purple">violet_eyes</tag>
    <tag display="Red">red_eyes</tag>
    <tag display="Amber/Orange/Yellow">amber_eyes</tag>
  </group>
  <group label="Skin Tone">
    <tag display="Brown">dark-skinned</tag>
    <tag display="Fair">fair-skinned</tag>
    <tag display="Pale">pale-skinned</tag>
    <tag display="Tan Lines">tan_lines</tag>
    <tag display="Unusual">unusual_skin</tag>
  </group>
  <group label="Physical Build" multiselect="true">
    <tag display="Athletic">athletic</tag>
    <tag display="Muscular" paired="athletic">muscular</tag>
    <tag display="Fat/Chubby">chubby</tag>
    <tag display="Short">short</tag>
    <tag display="Tall">tall</tag>
    <tag display="Androgynous">Androgynous</tag>
  </group>
  <group label="Pubic Hair">
    <tag display="Hairy">hairy</tag>
    <tag display="Trimmed">trimmed</tag>
    <tag display="Shaved">shaved</tag>
  </group>
  <group label="Breast Size" gender="female">
    <tag display="Small">small_breasts</tag>
    <tag display="Medium">medium_breasts</tag>
    <tag display="Large">large_breasts</tag>
    <tag display="Huge">huge_breasts</tag>
  </group>
  <group label="Penis Size" gender="male">
    <tag display="Small">small_penis</tag>
    <tag display="Medium">medium_penis</tag>
    <tag display="Large">large_penis</tag>
    <tag display="Huge">huge_penis</tag>
  </group>
  <group label="Penis Appearance" gender="male">
    <tag display="Circumcised">circumcised</tag>
    <tag display="Uncircumcised">uncircumcised</tag>
  </group>
  <group label="Non-Human Species" multiselect="true">
    <tag display="Alien">alien</tag>
    <tag display="Cat Person">catfolk</tag>
    <tag display="Fairy">fairy</tag>
    <tag display="Monster">monster</tag>
    <tag display="Undead" paired="monster">undead</tag>
    <tag display="Non-Human">non-human</tag>
    <tag display="Robot">robot</tag>
    <tag display="Supernatural">supernatural</tag>
    <tag display="Deity" paired="supernatural">deity</tag>
    <tag display="Spirit" paired="supernatural">spirit</tag>
    <tag display="Succubus">succubus</tag>
  </group>
  <group label="Features" multiselect="true">
    <tag display="Animal Ears">animal_ears</tag>
    <tag display="Tail">tail</tag>
    <tag display="Winged">winged</tag>
    <tag display="Horned">horned</tag>
    <tag display="Pointy Ears">pointy_ears</tag>
  </group>
  <group label="Body Quirks" multiselect="true">
    <tag display="Pierced Nipples">pierced_nipples</tag>
    <tag display="Scarred">scarred</tag>
    <tag display="Tattoo">tattoo</tag>
    <tag display="Freckles">freckles</tag>
  </group>
  <group label="Weapon">
    <tag display="Weapon">weapon</tag>
    <tag display="Bladed" paired="weapon">blade</tag>
    <tag display="Gun" paired="weapon">gun</tag>
    <tag display="Wand" paired="weapon">wand</tag>
  </group>
  <group label="Accessories" multiselect="true">
    <tag display="Armor">armor</tag>
    <tag display="Bodysuit">bodysuit</tag>
    <tag display="Choker">choker</tag>
    <tag display="Formalwear">formal_attire</tag>
    <tag display="Glasses">glasses</tag>
    <tag display="Hat">hat</tag>
    <tag display="Leotard">leotard</tag>
    <tag display="Masked">masked</tag>
    <tag display="Skimpy Clothing">scantily-clad</tag>
    <tag display="School Uniform">school_uniform</tag>
    <tag display="Thong">thong</tag>
  </group>
  <group label="Personality" multiselect="true">
    <tag display="Aggressive">aggressive</tag>
    <tag display="Cheerful">cheerful</tag>
    <tag display="Confident">confident</tag>
    <tag display="Ditzy">ditzy</tag>
    <tag display="Exhibitionist">exhibitionist</tag>
    <tag display="Fancy">fancy</tag>
    <tag display="Fashionable">fashionable</tag>
    <tag display="Gloomy">gloomy</tag>
    <tag display="Indifferent">indifferent</tag>
    <tag display="Innocent">innocent</tag>
    <tag display="Insane">insane</tag>
    <tag display="Kind">kind</tag>
    <tag display="Lonely">lonely</tag>
    <tag display="Mean">mean</tag>
    <tag display="Moe/Adorable">moe</tag>
    <tag display="Nerdy">nerdy</tag>
    <tag display="Perverted">perverted</tag>
    <tag display="Quiet">quiet</tag>
    <tag display="Sarcastic">sarcastic</tag>
    <tag display="Seductive">seductive</tag>
    <tag display="Serious">serious</tag>
    <tag display="Shut-In">shut_in</tag>
    <tag display="Shy">shy</tag>
    <tag display="Silent">silent</tag>
    <tag display="Slutty">slutty</tag>
    <tag display="Smart">smart</tag>
    <tag display="Tomboy">tomboy</tag>
    <tag display="Tsundere">tsundere</tag>
    <tag display="Witty">witty</tag>
    <tag display="Yandere">yandere</tag>
    <tag display="Boob Envy" gender="female">boob_envy</tag>
    <tag display="Penis Envy" gender="male">penis_envy</tag>
    <tag display="Embarrassed Nude" gender="female">enf</tag>
    <tag display="Embarrassed Nude" gender="male">enm</tag>
    <tag display="Sexually Dominant">dominant</tag>
    <tag display="Sexually Submissive">submissive</tag>
  </group>
  <group label="Sexual Orientation">
    <tag display="Straight">straight</tag>
    <tag display="Gay" gender="male">gay</tag>
    <tag display="Lesbian" gender="female">lesbian</tag>
    <tag display="Bisexual">bisexual</tag>
    <tag display="Bi-curious">bi-curious</tag>
  </group>
  <group label="Relationship">
    <tag display="Single">single</tag>
    <tag display="Taken/Open">taken</tag>
  </group>
  <group label="Nationality/Ethnicity" multiselect="true">
    <tag display="American">american</tag>
    <tag display="Arabian">arabian</tag>
    <tag display="Australian">australian</tag>
    <tag display="Chinese">chinese</tag>
    <tag display="English">english</tag>
    <tag display="French">french</tag>
    <tag display="Hispanic">hispanic</tag>
    <tag display="Italian">italian</tag>
    <tag display="Japanese">japanese</tag>
    <tag display="Korean">korean</tag>
    <tag display="Scottish">scottish</tag>
    <tag display="Swiss">swiss</tag>
    <tag display="Mixed Heritage">mixed_heritage</tag>
  </group>
  <group label="Universe/Organization" multiselect="true">
    <tag display="Mystery Inc.">mystery_inc</tag>
    <tag display="Phantom Thieves">phantom_thieves</tag>
    <tag display="UA Academy">ua_academy</tag>
    <tag display="Overwatch">overwatch</tag>
    <tag display="Team RWBY">rwby</tag>
    <tag display="Teen Titans">teen_titans</tag>
    <tag display="Avengers">avengers</tag>
    <tag display="Danganronpa 1">dr1</tag>
    <tag display="Danganronpa 2">dr2</tag>
    <tag display="Danganronpa V3">drv3</tag>
    <tag display="Kanto (Pokémon)">kanto</tag>
    <tag display="Johto (Pokémon)">johto</tag>
    <tag display="Hoenn (Pokémon)">hoenn</tag>
    <tag display="Sinnoh (Pokémon)">sinnoh</tag>
    <tag display="Unova (Pokémon)">unova</tag>
    <tag display="Kalos (Pokémon)">kalos</tag>
    <tag display="Alola (Pokémon)">alola</tag>
  </group>
  <group label="Genre" multiselect="true">
    <tag display="Fantasy">fantasy</tag>
    <tag display="Future">future</tag>
    <tag display="Post-Apocalyptic">post-apocalyptic</tag>
    <tag display="Science Fiction">sci-fi</tag>
    <tag display="Space">space</tag>
  </group>
  <group label="Source Medium" multiselect="true">
    <tag display="Anime">anime</tag>
    <tag display="Book">book</tag>
    <tag display="Cartoon">cartoon</tag>
    <tag display="Comic">comic</tag>
    <tag display="Hentai">hentai</tag>
    <tag display="Internet Meme">internet_meme</tag>
    <tag display="Manga">manga</tag>
    <tag display="Movie">movie</tag>
    <tag display="TV">tv_show</tag>
    <tag display="Video Game">video_game</tag>
    <tag display="Visual Novel">visual_novel</tag>
    <tag display="Website">website</tag>
  </group>
  <group label="Source Material" multiselect="true">
    <tag display=".hack">.hack</tag>
    <tag display="Ace Attorney">ace_attorney</tag>
    <tag display="Adventure Time">adventure_time</tag>
    <tag display="Alice: Madness Returns">alice_madness_returns</tag>
    <tag display="Batman">batman</tag>
    <tag display="Big Hero 6">big_hero_6</tag>
    <tag display="Bioshock">bioshock</tag>
    <tag display="Black Lagoon">black_lagoon</tag>
    <tag display="Bravely Default">bravely_default</tag>
    <tag display="Bravely Second">bravely_second</tag>
    <tag display="Buffy the Vampire Slayer">buffy_the_vampire_slayer</tag>
    <tag display="Capcom">capcom</tag>
    <tag display="Clannad">clannad</tag>
    <tag display="Community">community</tag>
    <tag display="Crush Crush">crush_crush</tag>
    <tag display="Daria">daria_franchise</tag>
    <tag display="Danganronpa">danganronpa</tag>
    <tag display="Darkstalkers">darkstalkers</tag>
    <tag display="DC Comics">dc_comics</tag>
    <tag display="Dead by Daylight">dead_by_daylight</tag>
    <tag display="Disney">disney</tag>
    <tag display="Dragon Ball">dragon_ball</tag>
    <tag display="Elena of Avalor">elena_of_avalor</tag>
    <tag display="Embla Academy">embla_academy</tag>
    <tag display="Emergence">emergence</tag>
    <tag display="Evangelion">evangelion</tag>
    <tag display="F-Zero">f_zero</tag>
    <tag display="Final Fantasy">final_fantasy</tag>
    <tag display="Final Fantasy VII">final_fantasy_7</tag>
    <tag display="Final Fantasy VIII">final_fantasy_8</tag>
    <tag display="Fire Emblem">fire_emblem</tag>
    <tag display="Gundam">gundam</tag>
    <tag display="Harry Potter">harry_potter_franchise</tag>
    <tag display="Homestuck">homestuck</tag>
    <tag display="HuniePop">huniepop</tag>
    <tag display="Kid Icarus">kid_icarus</tag>
    <tag display="Kim Possible">kim_possible</tag>
    <tag display="Left 4 Dead">left_4_dead</tag>
    <tag display="Legend of Dark Witch">legend_of_dark_witch</tag>
    <tag display="Legend of Zelda">legend_of_zelda</tag>
    <tag display="Lord of the Rings">lotr</tag>
    <tag display="Marvel Comics">marvel</tag>
    <tag display="Marvel Cinematic Universe">mcu</tag>
    <tag display="Metroid">metroid</tag>
    <tag display="Miraculous">miraculous</tag>
    <tag display="Monkey Island">monkey_island</tag>
    <tag display="Mortal Kombat">mortal_kombat</tag>
    <tag display="My Hero Academia">my_hero_academia</tag>
    <tag display="My Little Pony">my_little_pony</tag>
    <tag display="Naruto">naruto</tag>
    <tag display="NieR: Automata">nier_automata</tag>
    <tag display="Nintendo">nintendo</tag>
    <tag display="Overwatch">overwatch_franchise</tag>
    <tag display="Persona 5">persona_5</tag>
    <tag display="Pokemon">pokemon</tag>
    <tag display="Portal">portal</tag>
    <tag display="Rosario to Vampire">rosario_to_vampire</tag>
    <tag display="RWBY Franchise">rwby_franchise</tag>
    <tag display="Shantae">shantae_franchise</tag>
    <tag display="SNK">snk</tag>
    <tag display="Smash Bros.">smash_bros</tag>
    <tag display="Star Trek">star_trek</tag>
    <tag display="Super Mario">super_mario</tag>
    <tag display="Street Fighter">street_fighter</tag>
    <tag display="Sword Art Online">sword_art_online</tag>
    <tag display="Team Fortress 2">team_fortress_2</tag>
    <tag display="Teen Titans">teen_titans_franchise</tag>
    <tag display="Teenage Mutant Ninja Turtles">tmnt</tag>
    <tag display="Toradora">toradora</tag>
    <tag display="Undertale">undertale</tag>
    <tag display="Vandread">vandread</tag>
    <tag display="Valve">valve</tag>
    <tag display="Wii Fit">wii_fit</tag>
    <tag display="Yu-Gi-Oh!">yugioh</tag>
  </group>
  <group label="Occupation" multiselect="true">
    <tag display="Adventurer">adventurer</tag>
    <tag display="Bounty Hunter">bounty_hunter</tag>
    <tag display="Celebrity">celebrity</tag>
    <tag display="Clown">clown</tag>
    <tag display="Criminal">criminal</tag>
    <tag display="Detective">detective</tag>
    <tag display="Gamer">gamer</tag>
    <tag display="Lawyer">lawyer</tag>
    <tag display="Fighter">fighter</tag>
    <tag display="Journalist">journalist</tag>
    <tag display="Magical Girl">magical_girl</tag>
    <tag display="Mech Pilot">mech_pilot</tag>
    <tag display="Medic">medic</tag>
    <tag display="Military">military</tag>
    <tag display="Model">model</tag>
    <tag display="Musician">musician</tag>
    <tag display="Pirate">pirate</tag>
    <tag display="Police">police</tag>
    <tag display="Prince">prince</tag>
    <tag display="Princess">princess</tag>
    <tag display="Psychic">psychic</tag>
    <tag display="Scientist">scientist</tag>
    <tag display="Superhero">superhero</tag>
    <tag display="Spy">spy</tag>
    <tag display="Student">student</tag>
    <tag display="Witch">witch</tag>
  </group>
  <group label="Other" multiselect="true">
    <tag display="Cheater">cheater</tag>
    <tag display="Creepy">creepy</tag>
    <tag display="Drunk">drunk</tag>
    <tag display="Flies">flies</tag>
    <tag display="Goth">goth</tag>
    <tag display="Magical">magic</tag>
    <tag display="Hero">hero</tag>
    <tag display="Villain">villain</tag>
    <tag display="Virtual">virtual</tag>
  </group>
  <group hidden="true">
    <tag display="Human">human</tag>
    <tag display="Human (Male)">human_male</tag>
    <tag display="Human (Female)">human_female</tag>
  </group>
</tagdictionary>
