﻿<?xml version="1.0" encoding="utf-8" ?>
<variables>
  <variable name="player" description="Displays the player's name." global="true" />
  <variable name="name" description="Displays the target's name." />
  <variable name="cards" description="Displays the number of cards being exchanged." />
  <variable name="clothing" description="Displays the name of the clothing being removed.">
    <function name="ifPlural" description="Displays text conditionally based on whether the clothing is singular or plural.">
      <param name="true" description="Text when plural (ex. pants)."/>
      <param name="false" description="Text when not plural (ex. dress)."/>
    </function>
    <function name="formal" description="Displays the formal name of the clothing."/>
    <function name="position" description="Displays the clothing's position (upper, lower, etc.)."/>
  </variable>
  <variable name="marker" description="Displays the value of a marker." global="true" useMarkers="true" />
  <variable name="weekday" description="Displays the current day of the week." global="true" />
  <variable name="background" description="Displays the name of the background the player is using." global="true">
    <function name="location" description="Displays 'indoors' or 'outdoors' depending on which background is in play."/>
  </variable>
</variables>
